<?xml version = '1.0' encoding = 'UTF-8'?>
<FKIndexAssociation class="oracle.dbtools.crest.model.design.relational.FKIndexAssociation" directorySegmentName="seg_0" id="00714A47-602C-CBE0-A5EB-35AE36BC0EF9" containerWithKeyObject="0C4C04EB-42BE-FE88-103D-8251AAA2F080" localFKIndex="D6AE5E8A-EC05-094D-6662-33DC421E9DFC" name="UNITS_Enemy_FK">
<createdBy>alumne</createdBy>
<createdTime>2022-05-10 19:15:01 UTC</createdTime>
<generatorID>05999AD3-E329-1801-7F3C-5BC216F5A790</generatorID>
<ownerDesignName>NuevoModelo_Alternativo</ownerDesignName>
<referredTableLongName>Enemy</referredTableLongName>
<deleteRule>NO ACTION</deleteRule>
<referredTableID>95DCE8C5-4CD7-F105-548D-944F6A6D7C49</referredTableID>
<keyObject>7AD73C00-307D-8456-BAB3-789B184BA16A</keyObject>
<referredKeyID>7AD73C00-307D-8456-BAB3-789B184BA16A</referredKeyID>
<mandatory>false</mandatory>
<refColNames>ID_Enemy</refColNames>
<transferable>true</transferable>
<rely>false</rely>
<columnDependencyConstraintGenerateInDDL>true</columnDependencyConstraintGenerateInDDL>
</FKIndexAssociation>
