<?xml version = '1.0' encoding = 'UTF-8'?>
<FKIndexAssociation class="oracle.dbtools.crest.model.design.relational.FKIndexAssociation" directorySegmentName="seg_0" id="79EF4B20-5FF5-9E82-5CC6-F29CAE4D4DCF" containerWithKeyObject="0C4C04EB-42BE-FE88-103D-8251AAA2F080" localFKIndex="E528A3E5-DBF1-1933-1D43-62F2670011F6" name="UNITS_Planet_FK">
<createdBy>alumne</createdBy>
<createdTime>2022-05-10 19:15:01 UTC</createdTime>
<generatorID>30CC493C-E43F-2E50-F1FD-744998217615</generatorID>
<ownerDesignName>NuevoModelo_Alternativo</ownerDesignName>
<referredTableLongName>Planet</referredTableLongName>
<deleteRule>NO ACTION</deleteRule>
<referredTableID>76B3D66A-39B8-5AF7-5EB9-DC6F9376A837</referredTableID>
<keyObject>096E386B-3EEC-A21B-D963-3091095CFED3</keyObject>
<referredKeyID>096E386B-3EEC-A21B-D963-3091095CFED3</referredKeyID>
<mandatory>false</mandatory>
<refColNames>ID_Planet</refColNames>
<transferable>true</transferable>
<rely>false</rely>
<columnDependencyConstraintGenerateInDDL>true</columnDependencyConstraintGenerateInDDL>
</FKIndexAssociation>
