<?xml version = '1.0' encoding = 'UTF-8'?>
<FKIndexAssociation class="oracle.dbtools.crest.model.design.relational.FKIndexAssociation" directorySegmentName="seg_0" id="EA4356CD-520E-0EA7-ECBF-ED9B256E9022" containerWithKeyObject="76B3D66A-39B8-5AF7-5EB9-DC6F9376A837" localFKIndex="0DD9FA27-5F6C-EE78-778F-17522BC98CEA" name="Planet_User_FK">
<createdBy>Albert</createdBy>
<createdTime>2022-05-07 12:27:55 UTC</createdTime>
<ownerDesignName>NuevoModelo_Alternativo</ownerDesignName>
<referredTableLongName>User</referredTableLongName>
<deleteRule>NO ACTION</deleteRule>
<referredTableID>A2B2A9C8-960E-948A-AA98-F10F1947F4F8</referredTableID>
<keyObject>56533224-9525-489F-BD11-3DABAB52B03D</keyObject>
<referredKeyID>56533224-9525-489F-BD11-3DABAB52B03D</referredKeyID>
<mandatory>true</mandatory>
<refColNames>ID_User</refColNames>
<transferable>true</transferable>
<rely>false</rely>
<columnDependencyConstraintGenerateInDDL>true</columnDependencyConstraintGenerateInDDL>
</FKIndexAssociation>
