<?xml version = '1.0' encoding = 'UTF-8'?>
<FKIndexAssociation class="oracle.dbtools.crest.model.design.relational.FKIndexAssociation" directorySegmentName="seg_0" id="04827E2B-F976-BAA2-C87B-6C46F070CAE4" containerWithKeyObject="0C4C04EB-42BE-FE88-103D-8251AAA2F080" localFKIndex="67A9FBD8-FD40-E9A8-395F-E56A397C9A2D" name="UNITS_Defense_FK">
<createdBy>alumne</createdBy>
<createdTime>2022-05-10 19:15:01 UTC</createdTime>
<generatorID>CBFEF3A3-4C2E-A288-55C6-CE933435667E</generatorID>
<ownerDesignName>NuevoModelo</ownerDesignName>
<referredTableLongName>Defense</referredTableLongName>
<deleteRule>NO ACTION</deleteRule>
<referredTableID>588E0192-CDFD-60D6-981E-0A5552AAE3C7</referredTableID>
<keyObject>93438275-DEB7-F818-99DF-C4160C2CF86E</keyObject>
<referredKeyID>93438275-DEB7-F818-99DF-C4160C2CF86E</referredKeyID>
<mandatory>false</mandatory>
<refColNames>ID_Defense</refColNames>
<transferable>true</transferable>
<rely>false</rely>
<columnDependencyConstraintGenerateInDDL>true</columnDependencyConstraintGenerateInDDL>
</FKIndexAssociation>
