<?xml version = '1.0' encoding = 'UTF-8'?>
<FKIndexAssociation class="oracle.dbtools.crest.model.design.relational.FKIndexAssociation" directorySegmentName="seg_0" id="41FD1447-63F6-08AB-99B2-3FB527D85DD9" containerWithKeyObject="2E3880DD-343F-6228-385D-852520AE0EE9" localFKIndex="531EE089-884F-4280-E07A-167D2DE6BE1B" name="Setps_Battle_Battle_FK">
<createdBy>alumne</createdBy>
<createdTime>2022-05-15 15:07:12 UTC</createdTime>
<generatorID>410EC851-6632-58BE-9C3E-900554E48C42</generatorID>
<ownerDesignName>NuevoModelo</ownerDesignName>
<referredTableLongName>Battle</referredTableLongName>
<deleteRule>NO ACTION</deleteRule>
<referredTableID>92303213-FD60-C72B-8147-6AB97049055B</referredTableID>
<keyObject>AA88E93E-CA8B-EC88-20EE-203937DBD281</keyObject>
<referredKeyID>AA88E93E-CA8B-EC88-20EE-203937DBD281</referredKeyID>
<mandatory>true</mandatory>
<refColNames>ID_Battle</refColNames>
<transferable>true</transferable>
<rely>false</rely>
<columnDependencyConstraintGenerateInDDL>true</columnDependencyConstraintGenerateInDDL>
</FKIndexAssociation>
