<?xml version = '1.0' encoding = 'UTF-8'?>
<Table class="oracle.dbtools.crest.model.design.relational.Table" directorySegmentName="seg_0" id="6FBFCE5C-A4B9-400C-8682-CF5540CBD730" name="Ship">
<createdBy>Albert</createdBy>
<createdTime>2022-05-07 12:27:55 UTC</createdTime>
<generatorID>C98B72CC-B22A-AD8C-BEF8-4B0B501CA767</generatorID>
<ownerDesignName>NuevoModelo</ownerDesignName>
<allowColumnReorder>false</allowColumnReorder>
<existDependencyGenerateInDDl>true</existDependencyGenerateInDDl>
<parsed>true</parsed>
<columns itemClass="oracle.dbtools.crest.model.design.relational.Column">
<Column name="ID_Ship" id="C4BEA7F9-EEBD-D443-A46D-DED442946D95">
<createdBy>Albert</createdBy>
<createdTime>2022-05-07 12:27:55 UTC</createdTime>
<generatorID>0842C1ED-CA7F-35CC-B89B-F8A84FB7C5BD</generatorID>
<ownerDesignName>NuevoModelo</ownerDesignName>
<useDomainConstraints>false</useDomainConstraints>
<use>1</use>
<logicalDatatype>LOGDT011</logicalDatatype>
<ownDataTypeParameters>,,</ownDataTypeParameters>
<autoIncrementCycle>false</autoIncrementCycle>
</Column>
<Column name="name" id="434B5EF8-C27D-7074-E7B2-7D1BDAC516BB">
<createdBy>Albert</createdBy>
<createdTime>2022-05-07 12:27:55 UTC</createdTime>
<generatorID>04CEEFDD-6D90-A60C-67F0-2535EA541C39</generatorID>
<ownerDesignName>NuevoModelo</ownerDesignName>
<useDomainConstraints>false</useDomainConstraints>
<use>1</use>
<logicalDatatype>LOGDT024</logicalDatatype>
<dataTypeSize>30</dataTypeSize>
<ownDataTypeParameters>30,,</ownDataTypeParameters>
<autoIncrementCycle>false</autoIncrementCycle>
</Column>
<Column name="metal_Cost" id="5CDF7C63-6414-3457-740B-7F5AA7ADD5CA">
<createdBy>Albert</createdBy>
<createdTime>2022-05-07 12:27:55 UTC</createdTime>
<generatorID>30A09792-6FBD-06D9-71A2-5198CF800BA8</generatorID>
<ownerDesignName>NuevoModelo</ownerDesignName>
<useDomainConstraints>false</useDomainConstraints>
<use>1</use>
<logicalDatatype>LOGDT011</logicalDatatype>
<ownDataTypeParameters>,,</ownDataTypeParameters>
<autoIncrementCycle>false</autoIncrementCycle>
</Column>
<Column name="crystal_Cost" id="1C394C31-9299-2C31-01CC-FD8C4C76C548">
<createdBy>Albert</createdBy>
<createdTime>2022-05-07 12:27:55 UTC</createdTime>
<generatorID>973BD8BB-BAFE-9544-E489-4BBE697EED8F</generatorID>
<ownerDesignName>NuevoModelo</ownerDesignName>
<useDomainConstraints>false</useDomainConstraints>
<use>1</use>
<logicalDatatype>LOGDT011</logicalDatatype>
<ownDataTypeParameters>,,</ownDataTypeParameters>
<autoIncrementCycle>false</autoIncrementCycle>
</Column>
<Column name="deuterium_Cost" id="53B48662-F419-B3DC-3A0A-6603F7734C17">
<createdBy>Albert</createdBy>
<createdTime>2022-05-07 12:27:55 UTC</createdTime>
<generatorID>EE6CC089-3930-3D82-EECC-1CA1498CEFB3</generatorID>
<ownerDesignName>NuevoModelo</ownerDesignName>
<useDomainConstraints>false</useDomainConstraints>
<use>1</use>
<logicalDatatype>LOGDT011</logicalDatatype>
<ownDataTypeParameters>,,</ownDataTypeParameters>
<autoIncrementCycle>false</autoIncrementCycle>
</Column>
<Column name="initialArmor" id="FC4173E6-09FF-0E48-228A-271E2F8B6D69">
<createdBy>Albert</createdBy>
<createdTime>2022-05-07 12:27:55 UTC</createdTime>
<generatorID>44E201A7-5919-45BC-25AE-B01E88D9C31A</generatorID>
<ownerDesignName>NuevoModelo</ownerDesignName>
<useDomainConstraints>false</useDomainConstraints>
<use>1</use>
<logicalDatatype>LOGDT011</logicalDatatype>
<ownDataTypeParameters>,,</ownDataTypeParameters>
<autoIncrementCycle>false</autoIncrementCycle>
</Column>
<Column name="armor" id="4FADDD70-9418-7E13-B2D4-BB09A449E51E">
<createdBy>Albert</createdBy>
<createdTime>2022-05-07 12:27:55 UTC</createdTime>
<generatorID>68204EB4-F9B4-EF61-5835-61D12A91918F</generatorID>
<ownerDesignName>NuevoModelo</ownerDesignName>
<nullsAllowed>true</nullsAllowed>
<useDomainConstraints>false</useDomainConstraints>
<use>1</use>
<logicalDatatype>LOGDT011</logicalDatatype>
<ownDataTypeParameters>,,</ownDataTypeParameters>
<autoIncrementCycle>false</autoIncrementCycle>
</Column>
<Column name="baseDamage" id="188CF4B6-D46F-CBE3-2813-FA54E6545FCA">
<createdBy>Albert</createdBy>
<createdTime>2022-05-07 12:27:55 UTC</createdTime>
<generatorID>DCC5FCA8-9D7E-4511-F6E9-621BFDD508C9</generatorID>
<ownerDesignName>NuevoModelo</ownerDesignName>
<useDomainConstraints>false</useDomainConstraints>
<use>1</use>
<logicalDatatype>LOGDT011</logicalDatatype>
<ownDataTypeParameters>,,</ownDataTypeParameters>
<autoIncrementCycle>false</autoIncrementCycle>
</Column>
<Column name="speed" id="41BBC53C-8354-4DF6-B4B8-10F648E8E10A">
<createdBy>Albert</createdBy>
<createdTime>2022-05-07 12:27:55 UTC</createdTime>
<generatorID>B7C615A5-506E-AAD5-41F0-94A901D7B23A</generatorID>
<ownerDesignName>NuevoModelo</ownerDesignName>
<useDomainConstraints>false</useDomainConstraints>
<use>1</use>
<logicalDatatype>LOGDT011</logicalDatatype>
<ownDataTypeParameters>,,</ownDataTypeParameters>
<autoIncrementCycle>false</autoIncrementCycle>
</Column>
<Column name="generateWasting" id="7C219B7F-3709-C9A7-F1F1-E6263BEF985D">
<createdBy>Albert</createdBy>
<createdTime>2022-05-07 12:27:55 UTC</createdTime>
<generatorID>3D915CE4-5C02-A1B0-E58E-D6C83258DC38</generatorID>
<ownerDesignName>NuevoModelo</ownerDesignName>
<useDomainConstraints>false</useDomainConstraints>
<use>1</use>
<logicalDatatype>LOGDT011</logicalDatatype>
<ownDataTypeParameters>,,</ownDataTypeParameters>
<autoIncrementCycle>false</autoIncrementCycle>
</Column>
</columns>
<indexes itemClass="oracle.dbtools.crest.model.design.relational.Index">
<ind_PK_UK id="6C4A79AB-9407-A4F2-15DA-47A048FC13D9" name="Ship_PK">
<createdBy>Albert</createdBy>
<createdTime>2022-05-07 13:00:45 UTC</createdTime>
<generatorID>F9B607B0-ACF7-5F80-C6A1-75D6C38B54FF</generatorID>
<ownerDesignName>NuevoModelo</ownerDesignName>
<pk>true</pk>
<indexState>Primary Constraint</indexState>
<isSurrogateKey>false</isSurrogateKey>
<indexColumnUsage>
<colUsage columnID="C4BEA7F9-EEBD-D443-A46D-DED442946D95"/>
</indexColumnUsage>
</ind_PK_UK>
<ind_PK_UK id="8AF49D3D-E8FE-7602-4E51-8FEEF072AECA" name="Ship_name_UN">
<createdBy>Albert</createdBy>
<createdTime>2022-05-07 16:12:44 UTC</createdTime>
<generatorID>13509901-D719-B25C-FC6C-B53CA472BA01</generatorID>
<ownerDesignName>NuevoModelo</ownerDesignName>
<indexState>Unique Constraint</indexState>
<isSurrogateKey>false</isSurrogateKey>
<indexColumnUsage>
<colUsage columnID="434B5EF8-C27D-7074-E7B2-7D1BDAC516BB"/>
</indexColumnUsage>
</ind_PK_UK>
</indexes>
</Table>
