<?xml version = '1.0' encoding = 'UTF-8'?>
<Table class="oracle.dbtools.crest.model.design.relational.Table" directorySegmentName="seg_0" id="A2B2A9C8-960E-948A-AA98-F10F1947F4F8" name="User">
<createdBy>Albert</createdBy>
<createdTime>2022-05-07 12:27:55 UTC</createdTime>
<generatorID>EEA4C304-4AFC-3202-A8E5-0DC4DC0F6BE5</generatorID>
<ownerDesignName>NuevoModelo</ownerDesignName>
<allowColumnReorder>false</allowColumnReorder>
<existDependencyGenerateInDDl>true</existDependencyGenerateInDDl>
<parsed>true</parsed>
<columns itemClass="oracle.dbtools.crest.model.design.relational.Column">
<Column name="ID_User" id="7BCD10A2-87DD-1247-5AAE-0605CE31AC53">
<createdBy>Albert</createdBy>
<createdTime>2022-05-07 12:27:55 UTC</createdTime>
<generatorID>464E4531-9CBD-FD74-FE6C-F8741911903E</generatorID>
<ownerDesignName>NuevoModelo</ownerDesignName>
<useDomainConstraints>false</useDomainConstraints>
<use>1</use>
<logicalDatatype>LOGDT011</logicalDatatype>
<ownDataTypeParameters>,,</ownDataTypeParameters>
<autoIncrementCycle>false</autoIncrementCycle>
</Column>
<Column name="username" id="46E8A718-AF02-B362-2798-E8227DBE495D">
<createdBy>Albert</createdBy>
<createdTime>2022-05-07 12:27:55 UTC</createdTime>
<generatorID>1A0B96ED-5CBE-BD54-A7FA-01DE398BBAEB</generatorID>
<ownerDesignName>NuevoModelo</ownerDesignName>
<useDomainConstraints>false</useDomainConstraints>
<use>1</use>
<logicalDatatype>LOGDT024</logicalDatatype>
<dataTypeSize>30</dataTypeSize>
<ownDataTypeParameters>30,,</ownDataTypeParameters>
<autoIncrementCycle>false</autoIncrementCycle>
</Column>
<Column name="password" id="214CC0C0-043B-2239-3E43-05695F72F5B7">
<createdBy>Albert</createdBy>
<createdTime>2022-05-07 12:27:55 UTC</createdTime>
<generatorID>DD80DE5C-8FBF-2C39-4C82-32BC12D4F26A</generatorID>
<ownerDesignName>NuevoModelo</ownerDesignName>
<useDomainConstraints>false</useDomainConstraints>
<use>1</use>
<logicalDatatype>LOGDT024</logicalDatatype>
<dataTypeSize>20</dataTypeSize>
<ownDataTypeParameters>20,,</ownDataTypeParameters>
<autoIncrementCycle>false</autoIncrementCycle>
</Column>
<Column name="birth_date" id="F122297E-C27E-66CD-6670-D2BB30562F3E">
<createdBy>Albert</createdBy>
<createdTime>2022-05-07 12:27:55 UTC</createdTime>
<generatorID>A0A0EAFC-5D7F-61E1-6762-4BFE6A9BCF2F</generatorID>
<ownerDesignName>NuevoModelo</ownerDesignName>
<useDomainConstraints>false</useDomainConstraints>
<use>1</use>
<logicalDatatype>LOGDT007</logicalDatatype>
<ownDataTypeParameters>,,</ownDataTypeParameters>
<autoIncrementCycle>false</autoIncrementCycle>
</Column>
</columns>
<indexes itemClass="oracle.dbtools.crest.model.design.relational.Index">
<ind_PK_UK id="56533224-9525-489F-BD11-3DABAB52B03D" name="User_PK">
<createdBy>Albert</createdBy>
<createdTime>2022-05-07 12:27:55 UTC</createdTime>
<generatorID>B40BB062-7342-E489-7658-D366815292D9</generatorID>
<ownerDesignName>NuevoModelo</ownerDesignName>
<pk>true</pk>
<indexState>Primary Constraint</indexState>
<isSurrogateKey>false</isSurrogateKey>
<indexColumnUsage>
<colUsage columnID="7BCD10A2-87DD-1247-5AAE-0605CE31AC53"/>
</indexColumnUsage>
</ind_PK_UK>
<ind_PK_UK id="B0156C59-B80B-9883-EFAA-22A0CCC56DBC" name="User_username_UN">
<createdBy>Albert</createdBy>
<createdTime>2022-05-07 16:12:44 UTC</createdTime>
<generatorID>75925457-D7F5-7FBE-8E30-29ADEB60C390</generatorID>
<ownerDesignName>NuevoModelo</ownerDesignName>
<indexState>Unique Constraint</indexState>
<isSurrogateKey>false</isSurrogateKey>
<indexColumnUsage>
<colUsage columnID="46E8A718-AF02-B362-2798-E8227DBE495D"/>
</indexColumnUsage>
</ind_PK_UK>
</indexes>
</Table>
