<?xml version = '1.0' encoding = 'UTF-8'?>
<Relation class="oracle.dbtools.crest.model.design.logical.Relation" name="unaBatalla_unUsuario" directorySegmentName="seg_0" id="5C4689D3-2B20-AC52-A07F-3BEB9DBDBB37">
<createdBy>fraci</createdBy>
<createdTime>2022-05-05 07:13:59 UTC</createdTime>
<ownerDesignName>data_mod</ownerDesignName>
<engineerTo>
<item key="96AFF89A-C229-F43A-423B-E3361CBFC5EB" value="true"/>
</engineerTo>
<sourcePk>6BE3C6A3-46C3-A113-91FC-8F06FECF6F55</sourcePk>
<identifying>false</identifying>
<optionalSource>true</optionalSource>
<optionalTarget>false</optionalTarget>
<sourceCardinality>1</sourceCardinality>
<sourceEntity>49AF00DF-748C-0BE0-E96A-E2A6EA868992</sourceEntity>
<targetCardinalityString>1</targetCardinalityString>
<targetEntity>9C748DFB-8E79-252D-16C5-BB953339CC1C</targetEntity>
<transferable>true</transferable>
<deleteRule>NO ACTION</deleteRule>
</Relation>
