<?xml version = '1.0' encoding = 'UTF-8'?>
<Relation class="oracle.dbtools.crest.model.design.logical.Relation" name="UNITS Planet FK" directorySegmentName="seg_0" id="30CC493C-E43F-2E50-F1FD-744998217615">
<createdBy>alumne</createdBy>
<createdTime>2022-05-10 19:13:56 UTC</createdTime>
<ownerDesignName>NuevoModelo_Alternativo</ownerDesignName>
<engineerTo>
<item key="1343D15C-3B40-E491-45C3-5C8F631A17DE" value="true"/>
</engineerTo>
<sourcePk>9C97825F-4376-6603-794E-408A4FC34B08</sourcePk>
<identifying>false</identifying>
<optionalSource>true</optionalSource>
<optionalTarget>true</optionalTarget>
<sourceCardinality>1</sourceCardinality>
<sourceEntity>1B1E5212-0585-73C0-49A3-3C2B3FA0FAB0</sourceEntity>
<targetCardinalityString>*</targetCardinalityString>
<targetEntity>8A5FA8D4-DCC2-E42F-6AC0-EC2CB92E2361</targetEntity>
<transferable>true</transferable>
<deleteRule>NO ACTION</deleteRule>
</Relation>
