<?xml version = '1.0' encoding = 'UTF-8'?>
<Relation class="oracle.dbtools.crest.model.design.logical.Relation" name="Relation_17" directorySegmentName="seg_0" id="FCFC5450-460E-A161-500D-5694B9254796">
<createdBy>alumne</createdBy>
<createdTime>2022-05-10 20:34:34 UTC</createdTime>
<ownerDesignName>NuevoModelo_Alternativo</ownerDesignName>
<engineerTo>
<item key="1343D15C-3B40-E491-45C3-5C8F631A17DE" value="true"/>
</engineerTo>
<sourcePk>E64BE4D1-4AB3-3C10-373D-288E8A529176</sourcePk>
<identifying>true</identifying>
<optionalSource>true</optionalSource>
<optionalTarget>false</optionalTarget>
<sourceCardinality>1</sourceCardinality>
<sourceEntity>1E4A2CC3-1CC6-C056-2B1A-4833468F7728</sourceEntity>
<targetCardinalityString>*</targetCardinalityString>
<targetEntity>BF84E411-7FC6-4133-DB4B-1045F8CB8EC5</targetEntity>
<transferable>true</transferable>
<deleteRule>NO ACTION</deleteRule>
</Relation>
