<?xml version = '1.0' encoding = 'UTF-8'?>
<Relation class="oracle.dbtools.crest.model.design.logical.Relation" name="UNITS Ship FK" directorySegmentName="seg_0" id="21B1CD13-AE32-411F-6852-0B8C1A788F04">
<createdBy>alumne</createdBy>
<createdTime>2022-05-10 19:13:35 UTC</createdTime>
<ownerDesignName>NuevoModelo</ownerDesignName>
<engineerTo>
<item key="1343D15C-3B40-E491-45C3-5C8F631A17DE" value="true"/>
</engineerTo>
<sourcePk>F9B607B0-ACF7-5F80-C6A1-75D6C38B54FF</sourcePk>
<identifying>false</identifying>
<optionalSource>true</optionalSource>
<optionalTarget>true</optionalTarget>
<sourceCardinality>1</sourceCardinality>
<sourceEntity>C98B72CC-B22A-AD8C-BEF8-4B0B501CA767</sourceEntity>
<targetCardinalityString>*</targetCardinalityString>
<targetEntity>8A5FA8D4-DCC2-E42F-6AC0-EC2CB92E2361</targetEntity>
<transferable>true</transferable>
<deleteRule>NO ACTION</deleteRule>
</Relation>
