<?xml version = '1.0' encoding = 'UTF-8'?>
<Relation class="oracle.dbtools.crest.model.design.logical.Relation" name="UNITS Enemy FK" directorySegmentName="seg_0" id="05999AD3-E329-1801-7F3C-5BC216F5A790">
<createdBy>alumne</createdBy>
<createdTime>2022-05-10 19:13:40 UTC</createdTime>
<ownerDesignName>NuevoModelo_Alternativo</ownerDesignName>
<engineerTo>
<item key="1343D15C-3B40-E491-45C3-5C8F631A17DE" value="true"/>
</engineerTo>
<sourcePk>68D614D7-9532-ECE4-D1A3-DFC73EF3FB8B</sourcePk>
<identifying>false</identifying>
<optionalSource>true</optionalSource>
<optionalTarget>true</optionalTarget>
<sourceCardinality>1</sourceCardinality>
<sourceEntity>3AEE14A3-69D6-4872-6C67-CC4E6C562C6C</sourceEntity>
<targetCardinalityString>*</targetCardinalityString>
<targetEntity>8A5FA8D4-DCC2-E42F-6AC0-EC2CB92E2361</targetEntity>
<transferable>true</transferable>
<deleteRule>NO ACTION</deleteRule>
</Relation>
