<?xml version = '1.0' encoding = 'UTF-8'?>
<Relation class="oracle.dbtools.crest.model.design.logical.Relation" name="Battle Planet FK" directorySegmentName="seg_0" id="9FDD1FE9-7435-75C0-B458-5ED91DF6803A">
<createdBy>alumne</createdBy>
<createdTime>2022-05-09 15:40:08 UTC</createdTime>
<ownerDesignName>NuevoModelo_Alternativo</ownerDesignName>
<engineerTo>
<item key="1343D15C-3B40-E491-45C3-5C8F631A17DE" value="true"/>
</engineerTo>
<sourcePk>9C97825F-4376-6603-794E-408A4FC34B08</sourcePk>
<identifying>false</identifying>
<optionalSource>true</optionalSource>
<optionalTarget>false</optionalTarget>
<sourceCardinality>1</sourceCardinality>
<sourceEntity>1B1E5212-0585-73C0-49A3-3C2B3FA0FAB0</sourceEntity>
<targetCardinalityString>*</targetCardinalityString>
<targetEntity>1E4A2CC3-1CC6-C056-2B1A-4833468F7728</targetEntity>
<transferable>true</transferable>
<deleteRule>NO ACTION</deleteRule>
</Relation>
