<?xml version = '1.0' encoding = 'UTF-8'?>
<Diagram class="oracle.dbtools.crest.swingui.relational.DPVRelational" name="Relational_1" id="2D94A3A9-303D-710D-5181-9012268FCEFB">
<createdBy>Albert</createdBy>
<modifiedBy>Albert</modifiedBy>
<createdTime>2022-05-07 10:40:10 UTC</createdTime>
<autoRoute>false</autoRoute>
<boxInbox>true</boxInbox>
<showLegend>false</showLegend>
<showLabels>false</showLabels>
<showRelAttributes>false</showRelAttributes>
<gridEnabled>false</gridEnabled>
<showGrid>false</showGrid>
<diagramColor>-1</diagramColor>
<display>false</display>
<notation>1</notation>
<objectViews>
<OView class="oracle.dbtools.crest.swingui.relational.TVTable" oid="0C4C04EB-42BE-FE88-103D-8251AAA2F080" otype="Table" vid="580B6A3B-2CA2-360F-4324-D80FA6C4B219">
<hideElementsInCurrentOnly>false</hideElementsInCurrentOnly>
<bounds x="782" y="542" width="159" height="133"/>
</OView>
<OView class="oracle.dbtools.crest.swingui.relational.TVTable" oid="2B91B0F3-AC6C-5575-061B-DD0CF979F501" otype="Table" vid="9E43A97B-29A8-069D-14A3-3BB9413E97CF">
<hideElementsInCurrentOnly>false</hideElementsInCurrentOnly>
<bounds x="299" y="461" width="223" height="118"/>
</OView>
<OView class="oracle.dbtools.crest.swingui.relational.TVTable" oid="588E0192-CDFD-60D6-981E-0A5552AAE3C7" otype="Table" vid="49F52C07-984F-1F7F-BABC-7B69FC903666">
<hideElementsInCurrentOnly>false</hideElementsInCurrentOnly>
<bounds x="998" y="324" width="223" height="169"/>
</OView>
<OView class="oracle.dbtools.crest.swingui.relational.TVTable" oid="6FBFCE5C-A4B9-400C-8682-CF5540CBD730" otype="Table" vid="093115CB-6CD8-B4C6-10C3-680496126235">
<hideElementsInCurrentOnly>false</hideElementsInCurrentOnly>
<bounds x="1000" y="516" width="223" height="171"/>
</OView>
<OView class="oracle.dbtools.crest.swingui.relational.TVTable" oid="76B3D66A-39B8-5AF7-5EB9-DC6F9376A837" otype="Table" vid="E5A1E727-C50E-EE52-041B-C3F38A9E43EE">
<hideElementsInCurrentOnly>false</hideElementsInCurrentOnly>
<bounds x="791" y="156" width="139" height="339"/>
</OView>
<OView class="oracle.dbtools.crest.swingui.relational.TVTable" oid="92303213-FD60-C72B-8147-6AB97049055B" otype="Table" vid="86BCB952-FF2A-9BF0-5643-AAE1B61BFB0F">
<hideElementsInCurrentOnly>false</hideElementsInCurrentOnly>
<bounds x="312" y="21" width="195" height="224"/>
</OView>
<OView class="oracle.dbtools.crest.swingui.relational.TVTable" oid="95DCE8C5-4CD7-F105-548D-944F6A6D7C49" otype="Table" vid="49CE79DD-47CB-4D2B-C6E6-66275E856BE7">
<hideElementsInCurrentOnly>false</hideElementsInCurrentOnly>
<bounds x="537" y="252" width="163" height="207"/>
</OView>
<OView class="oracle.dbtools.crest.swingui.relational.TVTable" oid="A2B2A9C8-960E-948A-AA98-F10F1947F4F8" otype="Table" vid="FBE20FE0-2665-6070-E245-4CD9648C7298">
<hideElementsInCurrentOnly>false</hideElementsInCurrentOnly>
<bounds x="776" y="24" width="152" height="101"/>
</OView>
<OView class="oracle.dbtools.crest.swingui.relational.TVTable" oid="D32FA8C4-8F5B-9C90-8ADB-4C6A05199CE3" otype="Table" vid="12FABDDF-ED31-8C3B-05AD-1D196E2F1207">
<hideElementsInCurrentOnly>false</hideElementsInCurrentOnly>
<bounds x="959" y="32" width="165" height="130"/>
</OView>
</objectViews>
<connectors>
<Connector class="oracle.dbtools.crest.swingui.relational.TVFKRelation" oid="00714A47-602C-CBE0-A5EB-35AE36BC0EF9" otype="FKIndexAssociation" vid_source="49CE79DD-47CB-4D2B-C6E6-66275E856BE7" vid_target="580B6A3B-2CA2-360F-4324-D80FA6C4B219">
<hideElementsInCurrentOnly>false</hideElementsInCurrentOnly>
<backgroundColor>-16777216</backgroundColor>
<lineWidth>1</lineWidth>
<points>
<point x="700" y="440"/>
<point x="797" y="542"/>
</points>
</Connector>
<Connector class="oracle.dbtools.crest.swingui.relational.TVFKRelation" oid="04827E2B-F976-BAA2-C87B-6C46F070CAE4" otype="FKIndexAssociation" vid_source="49F52C07-984F-1F7F-BABC-7B69FC903666" vid_target="580B6A3B-2CA2-360F-4324-D80FA6C4B219">
<hideElementsInCurrentOnly>false</hideElementsInCurrentOnly>
<backgroundColor>-16777216</backgroundColor>
<lineWidth>1</lineWidth>
<points>
<point x="1004" y="493"/>
<point x="941" y="544"/>
</points>
</Connector>
<Connector class="oracle.dbtools.crest.swingui.relational.TVFKRelation" oid="1E8C845D-036C-386D-B3D9-08E7F5505C96" otype="FKIndexAssociation" vid_source="093115CB-6CD8-B4C6-10C3-680496126235" vid_target="580B6A3B-2CA2-360F-4324-D80FA6C4B219">
<hideElementsInCurrentOnly>false</hideElementsInCurrentOnly>
<backgroundColor>-16777216</backgroundColor>
<lineWidth>1</lineWidth>
<points>
<point x="1000" y="608"/>
<point x="941" y="608"/>
</points>
</Connector>
<Connector class="oracle.dbtools.crest.swingui.relational.TVFKRelation" oid="79EF4B20-5FF5-9E82-5CC6-F29CAE4D4DCF" otype="FKIndexAssociation" vid_source="E5A1E727-C50E-EE52-041B-C3F38A9E43EE" vid_target="580B6A3B-2CA2-360F-4324-D80FA6C4B219">
<hideElementsInCurrentOnly>false</hideElementsInCurrentOnly>
<backgroundColor>-16777216</backgroundColor>
<lineWidth>1</lineWidth>
<points>
<point x="875" y="495"/>
<point x="875" y="542"/>
</points>
</Connector>
<Connector class="oracle.dbtools.crest.swingui.relational.TVFKRelation" oid="7EF1888F-6E77-ECEC-0A3F-CC7FC4012CB4" otype="FKIndexAssociation" vid_source="E5A1E727-C50E-EE52-041B-C3F38A9E43EE" vid_target="86BCB952-FF2A-9BF0-5643-AAE1B61BFB0F">
<hideElementsInCurrentOnly>false</hideElementsInCurrentOnly>
<backgroundColor>-16777216</backgroundColor>
<lineWidth>1</lineWidth>
<points>
<point x="791" y="185"/>
<point x="507" y="185"/>
</points>
</Connector>
<Connector class="oracle.dbtools.crest.swingui.relational.TVFKRelation" oid="96950C32-300C-621C-16E7-6CC83A3C42C6" otype="FKIndexAssociation" vid_source="FBE20FE0-2665-6070-E245-4CD9648C7298" vid_target="86BCB952-FF2A-9BF0-5643-AAE1B61BFB0F">
<hideElementsInCurrentOnly>false</hideElementsInCurrentOnly>
<backgroundColor>-16777216</backgroundColor>
<lineWidth>1</lineWidth>
<points>
<point x="776" y="89"/>
<point x="507" y="89"/>
</points>
</Connector>
<Connector class="oracle.dbtools.crest.swingui.relational.TVFKRelation" oid="B8FA9004-C6FB-9BC4-16BD-3CCED9867415" otype="FKIndexAssociation" vid_source="580B6A3B-2CA2-360F-4324-D80FA6C4B219" vid_target="9E43A97B-29A8-069D-14A3-3BB9413E97CF">
<hideElementsInCurrentOnly>false</hideElementsInCurrentOnly>
<backgroundColor>-16777216</backgroundColor>
<lineWidth>1</lineWidth>
<points>
<point x="782" y="560"/>
<point x="522" y="560"/>
</points>
</Connector>
<Connector class="oracle.dbtools.crest.swingui.relational.TVFKRelation" oid="D9694FA6-3CA1-7575-AF4E-A53D91C14AF6" otype="FKIndexAssociation" vid_source="49CE79DD-47CB-4D2B-C6E6-66275E856BE7" vid_target="86BCB952-FF2A-9BF0-5643-AAE1B61BFB0F">
<hideElementsInCurrentOnly>false</hideElementsInCurrentOnly>
<backgroundColor>-16777216</backgroundColor>
<lineWidth>1</lineWidth>
<points>
<point x="537" y="268"/>
<point x="507" y="236"/>
</points>
</Connector>
<Connector class="oracle.dbtools.crest.swingui.relational.TVFKRelation" oid="EA4356CD-520E-0EA7-ECBF-ED9B256E9022" otype="FKIndexAssociation" vid_source="FBE20FE0-2665-6070-E245-4CD9648C7298" vid_target="E5A1E727-C50E-EE52-041B-C3F38A9E43EE">
<hideElementsInCurrentOnly>false</hideElementsInCurrentOnly>
<backgroundColor>-16777216</backgroundColor>
<lineWidth>1</lineWidth>
<points>
<point x="874" y="125"/>
<point x="874" y="156"/>
</points>
</Connector>
<Connector class="oracle.dbtools.crest.swingui.relational.TVFKRelation" oid="EE72701C-D355-46AD-6A3C-C5A1F6CDAC13" otype="FKIndexAssociation" vid_source="86BCB952-FF2A-9BF0-5643-AAE1B61BFB0F" vid_target="9E43A97B-29A8-069D-14A3-3BB9413E97CF">
<hideElementsInCurrentOnly>false</hideElementsInCurrentOnly>
<backgroundColor>-16777216</backgroundColor>
<lineWidth>1</lineWidth>
<points>
<point x="424" y="245"/>
<point x="424" y="461"/>
</points>
</Connector>
</connectors>
</Diagram>
