<?xml version = '1.0' encoding = 'UTF-8'?>
<Diagram class="oracle.dbtools.crest.swingui.logical.DPVLogical" name="Logical" id="88401811-6495-2745-E465-006D5227DA2D">
<createdBy>Albert</createdBy>
<modifiedBy>Albert</modifiedBy>
<createdTime>2022-05-07 10:40:10 UTC</createdTime>
<autoRoute>false</autoRoute>
<boxInbox>true</boxInbox>
<showLegend>false</showLegend>
<showLabels>false</showLabels>
<showRelAttributes>false</showRelAttributes>
<gridEnabled>false</gridEnabled>
<showGrid>false</showGrid>
<diagramColor>-1</diagramColor>
<display>false</display>
<notation>1</notation>
<objectViews>
<OView class="oracle.dbtools.crest.swingui.logical.TVEntity" oid="1B1E5212-0585-73C0-49A3-3C2B3FA0FAB0" otype="Entity" vid="861D85FA-7B48-EF29-D38F-50F99D84B09B">
<hideElementsInCurrentOnly>false</hideElementsInCurrentOnly>
<bounds x="791" y="156" width="139" height="321"/>
</OView>
<OView class="oracle.dbtools.crest.swingui.logical.TVEntity" oid="1E4A2CC3-1CC6-C056-2B1A-4833468F7728" otype="Entity" vid="42408F6D-6C8C-62DC-7F2F-71FE4C4DBC6A">
<hideElementsInCurrentOnly>false</hideElementsInCurrentOnly>
<bounds x="312" y="21" width="195" height="186"/>
</OView>
<OView class="oracle.dbtools.crest.swingui.logical.TVEntity" oid="3AEE14A3-69D6-4872-6C67-CC4E6C562C6C" otype="Entity" vid="B5BD8186-C117-4B18-00F9-0653FF26DB40">
<hideElementsInCurrentOnly>false</hideElementsInCurrentOnly>
<bounds x="537" y="252" width="163" height="207"/>
</OView>
<OView class="oracle.dbtools.crest.swingui.logical.TVEntity" oid="64708AED-7ED9-CBB4-35D4-F995918CF18F" otype="Entity" vid="9EC3186C-939C-04DC-8810-29A4AA65C6CB">
<hideElementsInCurrentOnly>false</hideElementsInCurrentOnly>
<bounds x="998" y="324" width="223" height="169"/>
</OView>
<OView class="oracle.dbtools.crest.swingui.logical.TVEntity" oid="7DA01A13-2DFE-51D5-30F4-FBD420E8CA8E" otype="Entity" vid="98C4D781-D88D-CA1A-3317-074E29E86AC0">
<hideElementsInCurrentOnly>false</hideElementsInCurrentOnly>
<bounds x="959" y="32" width="165" height="130"/>
</OView>
<OView class="oracle.dbtools.crest.swingui.logical.TVEntity" oid="8A5FA8D4-DCC2-E42F-6AC0-EC2CB92E2361" otype="Entity" vid="1A88F35A-2ECB-F218-FFFF-39C276D79E59">
<hideElementsInCurrentOnly>false</hideElementsInCurrentOnly>
<bounds x="782" y="542" width="159" height="133"/>
</OView>
<OView class="oracle.dbtools.crest.swingui.logical.TVEntity" oid="BF84E411-7FC6-4133-DB4B-1045F8CB8EC5" otype="Entity" vid="66941477-5318-3245-DFEE-CE863A303CF4">
<hideElementsInCurrentOnly>false</hideElementsInCurrentOnly>
<bounds x="299" y="461" width="223" height="95"/>
</OView>
<OView class="oracle.dbtools.crest.swingui.logical.TVEntity" oid="C98B72CC-B22A-AD8C-BEF8-4B0B501CA767" otype="Entity" vid="9CB82B65-3E8A-B150-CD3B-5435B8135F82">
<hideElementsInCurrentOnly>false</hideElementsInCurrentOnly>
<bounds x="1000" y="516" width="223" height="171"/>
</OView>
<OView class="oracle.dbtools.crest.swingui.logical.TVEntity" oid="EEA4C304-4AFC-3202-A8E5-0DC4DC0F6BE5" otype="Entity" vid="E738EE76-CDF2-B80A-9689-1827B338455B">
<hideElementsInCurrentOnly>false</hideElementsInCurrentOnly>
<bounds x="776" y="24" width="152" height="101"/>
</OView>
</objectViews>
<connectors>
<Connector class="oracle.dbtools.crest.swingui.logical.TVRelation" oid="05999AD3-E329-1801-7F3C-5BC216F5A790" otype="Relation" vid_source="B5BD8186-C117-4B18-00F9-0653FF26DB40" vid_target="1A88F35A-2ECB-F218-FFFF-39C276D79E59">
<hideElementsInCurrentOnly>false</hideElementsInCurrentOnly>
<backgroundColor>-16777216</backgroundColor>
<lineWidth>1</lineWidth>
<points>
<point x="700" y="440"/>
<point x="797" y="542"/>
</points>
</Connector>
<Connector class="oracle.dbtools.crest.swingui.logical.TVRelation" oid="21B1CD13-AE32-411F-6852-0B8C1A788F04" otype="Relation" vid_source="9CB82B65-3E8A-B150-CD3B-5435B8135F82" vid_target="1A88F35A-2ECB-F218-FFFF-39C276D79E59">
<hideElementsInCurrentOnly>false</hideElementsInCurrentOnly>
<backgroundColor>-16777216</backgroundColor>
<lineWidth>1</lineWidth>
<points>
<point x="1000" y="608"/>
<point x="941" y="608"/>
</points>
</Connector>
<Connector class="oracle.dbtools.crest.swingui.logical.TVRelation" oid="30CC493C-E43F-2E50-F1FD-744998217615" otype="Relation" vid_source="861D85FA-7B48-EF29-D38F-50F99D84B09B" vid_target="1A88F35A-2ECB-F218-FFFF-39C276D79E59">
<hideElementsInCurrentOnly>false</hideElementsInCurrentOnly>
<backgroundColor>-16777216</backgroundColor>
<lineWidth>1</lineWidth>
<points>
<point x="860" y="477"/>
<point x="860" y="542"/>
</points>
</Connector>
<Connector class="oracle.dbtools.crest.swingui.logical.TVRelation" oid="4A855622-E807-4D9A-317F-E484B044169B" otype="Relation" vid_source="1A88F35A-2ECB-F218-FFFF-39C276D79E59" vid_target="66941477-5318-3245-DFEE-CE863A303CF4">
<hideElementsInCurrentOnly>false</hideElementsInCurrentOnly>
<backgroundColor>-16777216</backgroundColor>
<lineWidth>1</lineWidth>
<points>
<point x="782" y="549"/>
<point x="522" y="549"/>
</points>
</Connector>
<Connector class="oracle.dbtools.crest.swingui.logical.TVRelation" oid="6410BC16-8499-8734-2142-4F0583248BD3" otype="Relation" vid_source="E738EE76-CDF2-B80A-9689-1827B338455B" vid_target="42408F6D-6C8C-62DC-7F2F-71FE4C4DBC6A">
<hideElementsInCurrentOnly>false</hideElementsInCurrentOnly>
<backgroundColor>-16777216</backgroundColor>
<lineWidth>1</lineWidth>
<points>
<point x="776" y="74"/>
<point x="507" y="74"/>
</points>
</Connector>
<Connector class="oracle.dbtools.crest.swingui.logical.TVRelation" oid="76D3E3B5-2172-86E9-6D12-3B8646AAEE17" otype="Relation" vid_source="B5BD8186-C117-4B18-00F9-0653FF26DB40" vid_target="42408F6D-6C8C-62DC-7F2F-71FE4C4DBC6A">
<hideElementsInCurrentOnly>false</hideElementsInCurrentOnly>
<backgroundColor>-16777216</backgroundColor>
<lineWidth>1</lineWidth>
<points>
<point x="537" y="261"/>
<point x="489" y="207"/>
</points>
</Connector>
<Connector class="oracle.dbtools.crest.swingui.logical.TVRelation" oid="9FDD1FE9-7435-75C0-B458-5ED91DF6803A" otype="Relation" vid_source="861D85FA-7B48-EF29-D38F-50F99D84B09B" vid_target="42408F6D-6C8C-62DC-7F2F-71FE4C4DBC6A">
<hideElementsInCurrentOnly>false</hideElementsInCurrentOnly>
<backgroundColor>-16777216</backgroundColor>
<lineWidth>1</lineWidth>
<points>
<point x="791" y="181"/>
<point x="507" y="181"/>
</points>
</Connector>
<Connector class="oracle.dbtools.crest.swingui.logical.TVRelation" oid="CBFEF3A3-4C2E-A288-55C6-CE933435667E" otype="Relation" vid_source="9EC3186C-939C-04DC-8810-29A4AA65C6CB" vid_target="1A88F35A-2ECB-F218-FFFF-39C276D79E59">
<hideElementsInCurrentOnly>false</hideElementsInCurrentOnly>
<backgroundColor>-16777216</backgroundColor>
<lineWidth>1</lineWidth>
<points>
<point x="1004" y="493"/>
<point x="941" y="544"/>
</points>
</Connector>
<Connector class="oracle.dbtools.crest.swingui.logical.TVRelation" oid="F26765E6-ACD9-AA0F-F693-A1C37201EC7A" otype="Relation" vid_source="E738EE76-CDF2-B80A-9689-1827B338455B" vid_target="861D85FA-7B48-EF29-D38F-50F99D84B09B">
<hideElementsInCurrentOnly>false</hideElementsInCurrentOnly>
<backgroundColor>-16777216</backgroundColor>
<lineWidth>1</lineWidth>
<points>
<point x="859" y="125"/>
<point x="859" y="156"/>
</points>
</Connector>
<Connector class="oracle.dbtools.crest.swingui.logical.TVRelation" oid="FCFC5450-460E-A161-500D-5694B9254796" otype="Relation" vid_source="42408F6D-6C8C-62DC-7F2F-71FE4C4DBC6A" vid_target="66941477-5318-3245-DFEE-CE863A303CF4">
<hideElementsInCurrentOnly>false</hideElementsInCurrentOnly>
<backgroundColor>-16777216</backgroundColor>
<lineWidth>1</lineWidth>
<points>
<point x="424" y="207"/>
<point x="424" y="461"/>
</points>
</Connector>
</connectors>
</Diagram>
