<?xml version = '1.0' encoding = 'UTF-8'?>
<Entity class="oracle.dbtools.crest.model.design.logical.Entity" directorySegmentName="seg_0" id="1E4A2CC3-1CC6-C056-2B1A-4833468F7728" name="Battle">
<createdBy>Albert</createdBy>
<createdTime>2022-05-07 10:50:02 UTC</createdTime>
<ownerDesignName>NuevoModelo_Alternativo</ownerDesignName>
<engineerTo>
<item key="1343D15C-3B40-E491-45C3-5C8F631A17DE" value="true"/>
</engineerTo>
<adequatelyNormalized>NO</adequatelyNormalized>
<expectedVolumes>0</expectedVolumes>
<fwdEngineeringStrategyName>Single Table</fwdEngineeringStrategyName>
<growthPercent>0</growthPercent>
<growthType>Year</growthType>
<maxVolumes>9999999</maxVolumes>
<minVolumes>0</minVolumes>
<normalForm>Third</normalForm>
<attributes itemClass="oracle.dbtools.crest.model.design.logical.Attribute">
<Attribute name="ID Battle" id="3A5A2215-7F1A-8723-9C4F-1F75487237ED">
<createdBy>Albert</createdBy>
<createdTime>2022-05-07 10:50:27 UTC</createdTime>
<ownerDesignName>NuevoModelo_Alternativo</ownerDesignName>
<engineerTo>
<item key="1343D15C-3B40-E491-45C3-5C8F631A17DE" value="true"/>
</engineerTo>
<useDomainConstraints>false</useDomainConstraints>
<use>1</use>
<logicalDatatype>LOGDT011</logicalDatatype>
<ownDataTypeParameters>,,</ownDataTypeParameters>
</Attribute>
<Attribute name="User ID User" id="FA833A99-5012-8F7F-30C0-B002DE77EDF5">
<createdBy>Albert</createdBy>
<createdTime>2022-05-07 11:55:39 UTC</createdTime>
<generatorID>6410BC16-8499-8734-2142-4F0583248BD3</generatorID>
<ownerDesignName>NuevoModelo_Alternativo</ownerDesignName>
<engineerTo>
<item key="1343D15C-3B40-E491-45C3-5C8F631A17DE" value="true"/>
</engineerTo>
<referedAttribute>464E4531-9CBD-FD74-FE6C-F8741911903E</referedAttribute>
<useDomainConstraints>false</useDomainConstraints>
<use>1</use>
<logicalDatatype>LOGDT011</logicalDatatype>
<ownDataTypeParameters>,,</ownDataTypeParameters>
</Attribute>
<Attribute name="Enemy ID Enemy" id="6AE4DF2C-B1AF-4C59-C919-A0737EA35884">
<createdBy>Albert</createdBy>
<createdTime>2022-05-07 13:01:54 UTC</createdTime>
<generatorID>76D3E3B5-2172-86E9-6D12-3B8646AAEE17</generatorID>
<ownerDesignName>NuevoModelo_Alternativo</ownerDesignName>
<engineerTo>
<item key="1343D15C-3B40-E491-45C3-5C8F631A17DE" value="true"/>
</engineerTo>
<referedAttribute>CCDA6FDD-ADA3-EB30-A054-D0F8522E44E8</referedAttribute>
<useDomainConstraints>false</useDomainConstraints>
<use>1</use>
<logicalDatatype>LOGDT011</logicalDatatype>
<ownDataTypeParameters>,,</ownDataTypeParameters>
</Attribute>
<Attribute name="report StepbyStep" id="07721508-FECE-9EAF-42AA-0E97F39EBF54">
<createdBy>alumne</createdBy>
<createdTime>2022-05-08 11:17:16 UTC</createdTime>
<generatorID>0B095D5F-044F-F3F8-DBBE-3F117407E626</generatorID>
<ownerDesignName>NuevoModelo_Alternativo</ownerDesignName>
<engineerTo>
<item key="1343D15C-3B40-E491-45C3-5C8F631A17DE" value="true"/>
</engineerTo>
<useDomainConstraints>false</useDomainConstraints>
<use>1</use>
<logicalDatatype>LOGDT024</logicalDatatype>
<dataTypeSize>4000</dataTypeSize>
<ownDataTypeParameters>4000,,</ownDataTypeParameters>
</Attribute>
<Attribute name="ID Winner" id="CE6A23F1-B9C0-7217-3F89-BB339C292C48">
<createdBy>alumne</createdBy>
<createdTime>2022-05-08 11:17:16 UTC</createdTime>
<generatorID>388BF1FD-2C84-1A89-C6C2-205593EB4C1E</generatorID>
<ownerDesignName>NuevoModelo_Alternativo</ownerDesignName>
<engineerTo>
<item key="1343D15C-3B40-E491-45C3-5C8F631A17DE" value="true"/>
</engineerTo>
<useDomainConstraints>false</useDomainConstraints>
<use>1</use>
<logicalDatatype>LOGDT011</logicalDatatype>
<ownDataTypeParameters>,,</ownDataTypeParameters>
</Attribute>
<Attribute name="waste Metal" id="F269B88F-F605-2712-C2F5-4523472EEFC4">
<createdBy>alumne</createdBy>
<createdTime>2022-05-08 11:17:16 UTC</createdTime>
<generatorID>9B145455-4F84-9D14-A5B9-38601781C12D</generatorID>
<ownerDesignName>NuevoModelo_Alternativo</ownerDesignName>
<engineerTo>
<item key="1343D15C-3B40-E491-45C3-5C8F631A17DE" value="true"/>
</engineerTo>
<useDomainConstraints>false</useDomainConstraints>
<use>1</use>
<logicalDatatype>LOGDT019</logicalDatatype>
<ownDataTypeParameters>,,</ownDataTypeParameters>
</Attribute>
<Attribute name="waste Deuterium" id="C58A3F7B-52C0-E47A-EE15-E199BBDC1EFE">
<createdBy>alumne</createdBy>
<createdTime>2022-05-08 11:17:16 UTC</createdTime>
<generatorID>CDE48CFE-8E8F-E07E-C7BD-AB4D30F2A4AD</generatorID>
<ownerDesignName>NuevoModelo_Alternativo</ownerDesignName>
<engineerTo>
<item key="1343D15C-3B40-E491-45C3-5C8F631A17DE" value="true"/>
</engineerTo>
<useDomainConstraints>false</useDomainConstraints>
<use>1</use>
<logicalDatatype>LOGDT019</logicalDatatype>
<ownDataTypeParameters>,,</ownDataTypeParameters>
</Attribute>
<Attribute name="Planet ID Planet" id="53705B6B-D4B5-BC16-4258-4E28E9682FEC">
<createdBy>alumne</createdBy>
<createdTime>2022-05-09 15:40:08 UTC</createdTime>
<generatorID>9FDD1FE9-7435-75C0-B458-5ED91DF6803A</generatorID>
<ownerDesignName>NuevoModelo_Alternativo</ownerDesignName>
<engineerTo>
<item key="1343D15C-3B40-E491-45C3-5C8F631A17DE" value="true"/>
</engineerTo>
<referedAttribute>64DF48F0-A271-B873-75B5-ADED0517DEA5</referedAttribute>
<useDomainConstraints>false</useDomainConstraints>
<use>1</use>
<logicalDatatype>LOGDT011</logicalDatatype>
<ownDataTypeParameters>,,</ownDataTypeParameters>
</Attribute>
</attributes>
<identifiers itemClass="oracle.dbtools.crest.model.design.logical.CandidateKey">
<identifier id="E64BE4D1-4AB3-3C10-373D-288E8A529176" name="Battle_PK">
<createdBy>Albert</createdBy>
<createdTime>2022-05-07 11:39:26 UTC</createdTime>
<ownerDesignName>NuevoModelo_Alternativo</ownerDesignName>
<shouldEngineer>false</shouldEngineer>
<engineerTo>
<item key="1343D15C-3B40-E491-45C3-5C8F631A17DE" value="false"/>
</engineerTo>
<pk>true</pk>
<newElementsIDs>3A5A2215-7F1A-8723-9C4F-1F75487237ED</newElementsIDs>
<usedAttributes>
<attributeRef>3A5A2215-7F1A-8723-9C4F-1F75487237ED</attributeRef>
</usedAttributes>
</identifier>
<identifier id="D1BB50A3-D8FF-FD15-0687-75522AFA3B9F" name="Battle_ID_Battle_UN">
<createdBy>alumne</createdBy>
<createdTime>2022-05-09 17:56:55 UTC</createdTime>
<ownerDesignName>NuevoModelo_Alternativo</ownerDesignName>
<engineerTo>
<item key="1343D15C-3B40-E491-45C3-5C8F631A17DE" value="true"/>
</engineerTo>
<newElementsIDs>3A5A2215-7F1A-8723-9C4F-1F75487237ED</newElementsIDs>
<usedAttributes>
<attributeRef>3A5A2215-7F1A-8723-9C4F-1F75487237ED</attributeRef>
</usedAttributes>
</identifier>
</identifiers>
</Entity>
