<?xml version = '1.0' encoding = 'UTF-8'?>
<Entity class="oracle.dbtools.crest.model.design.logical.Entity" directorySegmentName="seg_0" id="8A5FA8D4-DCC2-E42F-6AC0-EC2CB92E2361" name="UNITS">
<createdBy>alumne</createdBy>
<createdTime>2022-05-10 19:08:56 UTC</createdTime>
<generatorID>0C4C04EB-42BE-FE88-103D-8251AAA2F080</generatorID>
<ownerDesignName>NuevoModelo_Alternativo</ownerDesignName>
<engineerTo>
<item key="1343D15C-3B40-E491-45C3-5C8F631A17DE" value="true"/>
</engineerTo>
<adequatelyNormalized>NO</adequatelyNormalized>
<expectedVolumes>0</expectedVolumes>
<fwdEngineeringStrategyName>Single Table</fwdEngineeringStrategyName>
<growthPercent>0</growthPercent>
<growthType>Year</growthType>
<maxVolumes>9999999</maxVolumes>
<minVolumes>0</minVolumes>
<normalForm>Third</normalForm>
<attributes itemClass="oracle.dbtools.crest.model.design.logical.Attribute">
<Attribute name="ID UNIT" id="A5C64ACD-87B9-F552-1316-CD30AA217F74">
<createdBy>alumne</createdBy>
<createdTime>2022-05-10 19:08:56 UTC</createdTime>
<generatorID>A564E293-53ED-CFFC-64AB-75D639C3C883</generatorID>
<ownerDesignName>NuevoModelo_Alternativo</ownerDesignName>
<engineerTo>
<item key="1343D15C-3B40-E491-45C3-5C8F631A17DE" value="true"/>
</engineerTo>
<useDomainConstraints>false</useDomainConstraints>
<use>1</use>
<logicalDatatype>LOGDT011</logicalDatatype>
<ownDataTypeParameters>,,</ownDataTypeParameters>
</Attribute>
<Attribute name="defense Level" id="111CE51E-70C9-1AA7-DE6A-14EA3299D612">
<createdBy>alumne</createdBy>
<createdTime>2022-05-10 19:08:56 UTC</createdTime>
<generatorID>E55C3DED-51C0-E2D0-4810-11AD82638B9C</generatorID>
<ownerDesignName>NuevoModelo_Alternativo</ownerDesignName>
<engineerTo>
<item key="1343D15C-3B40-E491-45C3-5C8F631A17DE" value="true"/>
</engineerTo>
<nullsAllowed>true</nullsAllowed>
<useDomainConstraints>false</useDomainConstraints>
<use>1</use>
<logicalDatatype>LOGDT011</logicalDatatype>
<ownDataTypeParameters>,,</ownDataTypeParameters>
</Attribute>
<Attribute name="attack Level" id="7D39FEA7-08F7-E41C-EF77-DBC473479720">
<createdBy>alumne</createdBy>
<createdTime>2022-05-10 19:08:56 UTC</createdTime>
<generatorID>E6B37C35-96E8-A5C5-14C5-738240245FED</generatorID>
<ownerDesignName>NuevoModelo_Alternativo</ownerDesignName>
<engineerTo>
<item key="1343D15C-3B40-E491-45C3-5C8F631A17DE" value="true"/>
</engineerTo>
<nullsAllowed>true</nullsAllowed>
<useDomainConstraints>false</useDomainConstraints>
<use>1</use>
<logicalDatatype>LOGDT011</logicalDatatype>
<ownDataTypeParameters>,,</ownDataTypeParameters>
</Attribute>
<Attribute name="Defense ID Defense" id="5BC86D19-13A7-0B12-A90F-081B5A2233FB">
<createdBy>alumne</createdBy>
<createdTime>2022-05-10 19:13:31 UTC</createdTime>
<generatorID>CBFEF3A3-4C2E-A288-55C6-CE933435667E</generatorID>
<ownerDesignName>NuevoModelo_Alternativo</ownerDesignName>
<engineerTo>
<item key="1343D15C-3B40-E491-45C3-5C8F631A17DE" value="true"/>
</engineerTo>
<nullsAllowed>true</nullsAllowed>
<referedAttribute>B6AA93E1-33B4-4E0E-4A83-1DCBD002CFC4</referedAttribute>
<useDomainConstraints>false</useDomainConstraints>
<use>1</use>
<logicalDatatype>LOGDT011</logicalDatatype>
<ownDataTypeParameters>,,</ownDataTypeParameters>
</Attribute>
<Attribute name="Ship ID Ship" id="BFA732D8-8AC7-657F-D38B-ED32C1CF0DDB">
<createdBy>alumne</createdBy>
<createdTime>2022-05-10 19:13:35 UTC</createdTime>
<generatorID>21B1CD13-AE32-411F-6852-0B8C1A788F04</generatorID>
<ownerDesignName>NuevoModelo_Alternativo</ownerDesignName>
<engineerTo>
<item key="1343D15C-3B40-E491-45C3-5C8F631A17DE" value="true"/>
</engineerTo>
<nullsAllowed>true</nullsAllowed>
<referedAttribute>0842C1ED-CA7F-35CC-B89B-F8A84FB7C5BD</referedAttribute>
<useDomainConstraints>false</useDomainConstraints>
<use>1</use>
<logicalDatatype>LOGDT011</logicalDatatype>
<ownDataTypeParameters>,,</ownDataTypeParameters>
</Attribute>
<Attribute name="Enemy ID Enemy" id="D99615DA-679A-8076-B3DD-D79C7F24D3BA">
<createdBy>alumne</createdBy>
<createdTime>2022-05-10 19:13:40 UTC</createdTime>
<generatorID>05999AD3-E329-1801-7F3C-5BC216F5A790</generatorID>
<ownerDesignName>NuevoModelo_Alternativo</ownerDesignName>
<engineerTo>
<item key="1343D15C-3B40-E491-45C3-5C8F631A17DE" value="true"/>
</engineerTo>
<nullsAllowed>true</nullsAllowed>
<referedAttribute>CCDA6FDD-ADA3-EB30-A054-D0F8522E44E8</referedAttribute>
<useDomainConstraints>false</useDomainConstraints>
<use>1</use>
<logicalDatatype>LOGDT011</logicalDatatype>
<ownDataTypeParameters>,,</ownDataTypeParameters>
</Attribute>
<Attribute name="Planet ID Planet" id="8DBC2B64-1767-89AD-A51C-55769916CF4A">
<createdBy>alumne</createdBy>
<createdTime>2022-05-10 19:13:56 UTC</createdTime>
<generatorID>30CC493C-E43F-2E50-F1FD-744998217615</generatorID>
<ownerDesignName>NuevoModelo_Alternativo</ownerDesignName>
<engineerTo>
<item key="1343D15C-3B40-E491-45C3-5C8F631A17DE" value="true"/>
</engineerTo>
<nullsAllowed>true</nullsAllowed>
<referedAttribute>64DF48F0-A271-B873-75B5-ADED0517DEA5</referedAttribute>
<useDomainConstraints>false</useDomainConstraints>
<use>1</use>
<logicalDatatype>LOGDT011</logicalDatatype>
<ownDataTypeParameters>,,</ownDataTypeParameters>
</Attribute>
</attributes>
<identifiers itemClass="oracle.dbtools.crest.model.design.logical.CandidateKey">
<identifier id="2FFA93D1-1A2B-343A-2ED6-C8033251B8CD" name="UNITS PK">
<createdBy>alumne</createdBy>
<createdTime>2022-05-10 19:08:56 UTC</createdTime>
<generatorID>C775C58E-5FAF-61A1-FB44-5E4B13420E16</generatorID>
<ownerDesignName>NuevoModelo_Alternativo</ownerDesignName>
<engineerTo>
<item key="1343D15C-3B40-E491-45C3-5C8F631A17DE" value="true"/>
</engineerTo>
<pk>true</pk>
<usedAttributes>
<attributeRef>A5C64ACD-87B9-F552-1316-CD30AA217F74</attributeRef>
</usedAttributes>
</identifier>
</identifiers>
</Entity>
