<?xml version = '1.0' encoding = 'UTF-8'?>
<FKIndexAssociation class="oracle.dbtools.crest.model.design.relational.FKIndexAssociation" directorySegmentName="seg_0" id="1E8C845D-036C-386D-B3D9-08E7F5505C96" containerWithKeyObject="0C4C04EB-42BE-FE88-103D-8251AAA2F080" localFKIndex="DB54E0E6-AF5A-64D6-F24C-57B3A70A90DC" name="UNITS_Ship_FK">
<createdBy>alumne</createdBy>
<createdTime>2022-05-10 19:15:01 UTC</createdTime>
<generatorID>21B1CD13-AE32-411F-6852-0B8C1A788F04</generatorID>
<ownerDesignName>NuevoModelo</ownerDesignName>
<referredTableLongName>Ship</referredTableLongName>
<deleteRule>NO ACTION</deleteRule>
<referredTableID>6FBFCE5C-A4B9-400C-8682-CF5540CBD730</referredTableID>
<keyObject>6C4A79AB-9407-A4F2-15DA-47A048FC13D9</keyObject>
<referredKeyID>6C4A79AB-9407-A4F2-15DA-47A048FC13D9</referredKeyID>
<mandatory>false</mandatory>
<refColNames>ID_Ship</refColNames>
<transferable>true</transferable>
<rely>false</rely>
<columnDependencyConstraintGenerateInDDL>true</columnDependencyConstraintGenerateInDDL>
</FKIndexAssociation>
