<?xml version = '1.0' encoding = 'UTF-8'?>
<Relation class="oracle.dbtools.crest.model.design.logical.Relation" name="Relation_9" directorySegmentName="seg_0" id="410EC851-6632-58BE-9C3E-900554E48C42">
<createdBy>alumne</createdBy>
<createdTime>2022-05-14 21:03:47 UTC</createdTime>
<ownerDesignName>NuevoModelo</ownerDesignName>
<engineerTo>
<item key="1343D15C-3B40-E491-45C3-5C8F631A17DE" value="true"/>
</engineerTo>
<sourcePk>E64BE4D1-4AB3-3C10-373D-288E8A529176</sourcePk>
<identifying>true</identifying>
<optionalSource>true</optionalSource>
<optionalTarget>false</optionalTarget>
<sourceCardinality>1</sourceCardinality>
<sourceEntity>1E4A2CC3-1CC6-C056-2B1A-4833468F7728</sourceEntity>
<targetCardinalityString>*</targetCardinalityString>
<targetEntity>69CABC9A-B6C3-C3AC-68DF-DC8BA892F64D</targetEntity>
<transferable>true</transferable>
<deleteRule>NO ACTION</deleteRule>
</Relation>
