<?xml version = '1.0' encoding = 'UTF-8'?>
<Relation class="oracle.dbtools.crest.model.design.logical.InheritanceRelation" name="Hierarchy_4" directorySegmentName="seg_0" id="5D193DA1-97D5-F8D2-0C2E-710BDB0FCD5C">
<createdBy>fraci</createdBy>
<createdTime>2022-05-05 07:41:24 UTC</createdTime>
<ownerDesignName>data_mod</ownerDesignName>
<engineerTo>
<item key="96AFF89A-C229-F43A-423B-E3361CBFC5EB" value="true"/>
</engineerTo>
<identifying>false</identifying>
<nameOnSource>Super Type</nameOnSource>
<nameOnTarget>Sub Type</nameOnTarget>
<optionalSource>true</optionalSource>
<optionalTarget>true</optionalTarget>
<sourceEntity>3F095EF6-CACC-CD27-ACF6-F02E2EC76E8D</sourceEntity>
<targetEntity>53C1A374-2C63-2D3F-2FA6-13A1965F78EB</targetEntity>
<transferable>true</transferable>
<deleteRule>NO ACTION</deleteRule>
</Relation>
