<?xml version = '1.0' encoding = 'UTF-8'?>
<Entity class="oracle.dbtools.crest.model.design.logical.Entity" directorySegmentName="seg_0" id="3F095EF6-CACC-CD27-ACF6-F02E2EC76E8D" name="PLANETA">
<createdBy>fraci</createdBy>
<createdTime>2022-05-05 07:07:47 UTC</createdTime>
<ownerDesignName>data_mod</ownerDesignName>
<engineerTo>
<item key="96AFF89A-C229-F43A-423B-E3361CBFC5EB" value="true"/>
</engineerTo>
<adequatelyNormalized>NO</adequatelyNormalized>
<expectedVolumes>0</expectedVolumes>
<fwdEngineeringStrategyName>Single Table</fwdEngineeringStrategyName>
<growthPercent>0</growthPercent>
<growthType>Year</growthType>
<maxVolumes>9999999</maxVolumes>
<minVolumes>0</minVolumes>
<normalForm>Third</normalForm>
<attributes itemClass="oracle.dbtools.crest.model.design.logical.Attribute">
<Attribute name="ID_Planeta" id="2C7D76AB-1D0E-1658-4B20-7D223F03B84A">
<createdBy>fraci</createdBy>
<createdTime>2022-05-05 07:08:08 UTC</createdTime>
<ownerDesignName>data_mod</ownerDesignName>
<engineerTo>
<item key="96AFF89A-C229-F43A-423B-E3361CBFC5EB" value="true"/>
</engineerTo>
<useDomainConstraints>false</useDomainConstraints>
<use>1</use>
<logicalDatatype>LOGDT019</logicalDatatype>
<ownDataTypeParameters>,,</ownDataTypeParameters>
</Attribute>
<Attribute name="nombre" id="A9F7C55A-FDA3-1163-2B63-F270B326E423">
<createdBy>fraci</createdBy>
<createdTime>2022-05-05 07:08:26 UTC</createdTime>
<ownerDesignName>data_mod</ownerDesignName>
<engineerTo>
<item key="96AFF89A-C229-F43A-423B-E3361CBFC5EB" value="true"/>
</engineerTo>
<nullsAllowed>true</nullsAllowed>
<useDomainConstraints>false</useDomainConstraints>
<use>1</use>
<logicalDatatype>LOGDT024</logicalDatatype>
<ownDataTypeParameters>,,</ownDataTypeParameters>
</Attribute>
<Attribute name="quantity_cristal" id="F2B6E302-7D9E-23DD-420A-19BB4FD21437">
<createdBy>fraci</createdBy>
<createdTime>2022-05-05 07:39:18 UTC</createdTime>
<ownerDesignName>data_mod</ownerDesignName>
<engineerTo>
<item key="96AFF89A-C229-F43A-423B-E3361CBFC5EB" value="true"/>
</engineerTo>
<nullsAllowed>true</nullsAllowed>
<useDomainConstraints>false</useDomainConstraints>
<use>1</use>
<logicalDatatype>LOGDT019</logicalDatatype>
<ownDataTypeParameters>,,</ownDataTypeParameters>
</Attribute>
<Attribute name="quantity_metal" id="87345E1E-61AE-7BBE-5EC1-332A5995078D">
<createdBy>fraci</createdBy>
<createdTime>2022-05-05 07:39:42 UTC</createdTime>
<ownerDesignName>data_mod</ownerDesignName>
<engineerTo>
<item key="96AFF89A-C229-F43A-423B-E3361CBFC5EB" value="true"/>
</engineerTo>
<nullsAllowed>true</nullsAllowed>
<useDomainConstraints>false</useDomainConstraints>
<use>1</use>
<logicalDatatype>LOGDT019</logicalDatatype>
<ownDataTypeParameters>,,</ownDataTypeParameters>
</Attribute>
<Attribute name="quantity_deuterium" id="594297F4-83E3-245C-F5A1-1374BE9AF525">
<createdBy>fraci</createdBy>
<createdTime>2022-05-05 07:39:52 UTC</createdTime>
<ownerDesignName>data_mod</ownerDesignName>
<engineerTo>
<item key="96AFF89A-C229-F43A-423B-E3361CBFC5EB" value="true"/>
</engineerTo>
<nullsAllowed>true</nullsAllowed>
<useDomainConstraints>false</useDomainConstraints>
<use>1</use>
<logicalDatatype>LOGDT019</logicalDatatype>
<ownDataTypeParameters>,,</ownDataTypeParameters>
</Attribute>
</attributes>
<identifiers itemClass="oracle.dbtools.crest.model.design.logical.CandidateKey">
<identifier id="A590F5E3-63B8-C1F8-7BE0-07158ED2AD36" name="PLANETA PK">
<createdBy>fraci</createdBy>
<createdTime>2022-05-05 07:08:24 UTC</createdTime>
<ownerDesignName>data_mod</ownerDesignName>
<shouldEngineer>false</shouldEngineer>
<engineerTo>
<item key="96AFF89A-C229-F43A-423B-E3361CBFC5EB" value="false"/>
</engineerTo>
<pk>true</pk>
<usedAttributes>
<attributeRef>2C7D76AB-1D0E-1658-4B20-7D223F03B84A</attributeRef>
</usedAttributes>
</identifier>
</identifiers>
</Entity>
