<?xml version = '1.0' encoding = 'UTF-8'?>
<Relation class="oracle.dbtools.crest.model.design.logical.Relation" name="Usuario_planeta" directorySegmentName="seg_0" id="C22E9CF6-0CB5-B527-BA82-E00D92D006D8">
<createdBy>fraci</createdBy>
<createdTime>2022-05-05 07:15:29 UTC</createdTime>
<ownerDesignName>data_mod</ownerDesignName>
<engineerTo>
<item key="96AFF89A-C229-F43A-423B-E3361CBFC5EB" value="true"/>
</engineerTo>
<sourcePk>A590F5E3-63B8-C1F8-7BE0-07158ED2AD36</sourcePk>
<identifying>false</identifying>
<optionalSource>true</optionalSource>
<optionalTarget>false</optionalTarget>
<sourceCardinality>1</sourceCardinality>
<sourceEntity>3F095EF6-CACC-CD27-ACF6-F02E2EC76E8D</sourceEntity>
<targetCardinalityString>*</targetCardinalityString>
<targetEntity>9C748DFB-8E79-252D-16C5-BB953339CC1C</targetEntity>
<transferable>true</transferable>
<deleteRule>NO ACTION</deleteRule>
</Relation>
