<?xml version = '1.0' encoding = 'UTF-8'?>
<Table class="oracle.dbtools.crest.model.design.relational.Table" directorySegmentName="seg_0" id="3301339A-FD10-D2CB-45EC-C7358360EA18" name="TECHNOGLOGY_ATTACK">
<createdBy>fraci</createdBy>
<createdTime>2022-05-05 07:43:16 UTC</createdTime>
<generatorID>325946CD-5368-8BC2-0A87-05E8881083B7</generatorID>
<ownerDesignName>data_mod</ownerDesignName>
<allowColumnReorder>false</allowColumnReorder>
<existDependencyGenerateInDDl>true</existDependencyGenerateInDDl>
<parsed>true</parsed>
<columns itemClass="oracle.dbtools.crest.model.design.relational.Column">
<Column name="ID_Planeta" id="A4C17C32-4101-C722-CF39-7D2A497128B2">
<createdBy>fraci</createdBy>
<createdTime>2022-05-05 07:43:16 UTC</createdTime>
<generatorID>2C7D76AB-1D0E-1658-4B20-7D223F03B84A</generatorID>
<ownerDesignName>data_mod</ownerDesignName>
<useDomainConstraints>false</useDomainConstraints>
<use>1</use>
<logicalDatatype>LOGDT019</logicalDatatype>
<ownDataTypeParameters>,,</ownDataTypeParameters>
<autoIncrementCycle>false</autoIncrementCycle>
<associations>
<colAssociation fkAssociation="DA51C500-3C61-3340-54E7-90B1FE54CF2E" referredColumn="519586B6-109D-5A24-9DB1-646B53CBCD97"/>
</associations>
</Column>
<Column name="price" id="FB5D77A5-9E64-6D9C-4F09-0D420056380B">
<createdBy>fraci</createdBy>
<createdTime>2022-05-05 07:43:16 UTC</createdTime>
<generatorID>4FD467F3-A842-09F7-D315-C2394D928421</generatorID>
<ownerDesignName>data_mod</ownerDesignName>
<nullsAllowed>true</nullsAllowed>
<useDomainConstraints>false</useDomainConstraints>
<use>1</use>
<logicalDatatype>LOGDT019</logicalDatatype>
<ownDataTypeParameters>,,</ownDataTypeParameters>
<autoIncrementCycle>false</autoIncrementCycle>
</Column>
</columns>
<indexes itemClass="oracle.dbtools.crest.model.design.relational.Index">
<ind_PK_UK id="6BD42799-5EBC-2264-C6B7-81DAB8C6E857" name="TECHNOGLOGY_ATTACK_PK">
<createdBy>fraci</createdBy>
<createdTime>2022-05-05 07:43:16 UTC</createdTime>
<generatorID>A590F5E3-63B8-C1F8-7BE0-07158ED2AD36</generatorID>
<ownerDesignName>data_mod</ownerDesignName>
<pk>true</pk>
<indexState>Primary Constraint</indexState>
<isSurrogateKey>false</isSurrogateKey>
<indexColumnUsage>
<colUsage columnID="A4C17C32-4101-C722-CF39-7D2A497128B2"/>
</indexColumnUsage>
</ind_PK_UK>
<ind_PK_UK id="047D39FF-86E1-46A8-781F-3AA49CB1F44F" name="TECHNOGLOGY_ATTACK_PLANETA_FK">
<createdBy>fraci</createdBy>
<createdTime>2022-05-05 07:43:16 UTC</createdTime>
<generatorID>5E78DF7D-B1A6-990C-C4E0-AFED9F3E5B64</generatorID>
<ownerDesignName>data_mod</ownerDesignName>
<indexState>Foreign Key</indexState>
<isSurrogateKey>false</isSurrogateKey>
<indexColumnUsage>
<colUsage columnID="A4C17C32-4101-C722-CF39-7D2A497128B2"/>
</indexColumnUsage>
</ind_PK_UK>
</indexes>
</Table>
