<?xml version = '1.0' encoding = 'UTF-8'?>
<FKIndexAssociation class="oracle.dbtools.crest.model.design.relational.FKIndexAssociation" directorySegmentName="seg_0" id="96950C32-300C-621C-16E7-6CC83A3C42C6" containerWithKeyObject="92303213-FD60-C72B-8147-6AB97049055B" localFKIndex="C5B2A1B0-E265-E09B-20E6-FF41AFB71027" name="Battle_User_FK">
<createdBy>Albert</createdBy>
<createdTime>2022-05-07 12:27:55 UTC</createdTime>
<generatorID>6410BC16-8499-8734-2142-4F0583248BD3</generatorID>
<ownerDesignName>NuevoModelo_Alternativo</ownerDesignName>
<referredTableLongName>User</referredTableLongName>
<deleteRule>NO ACTION</deleteRule>
<referredTableID>A2B2A9C8-960E-948A-AA98-F10F1947F4F8</referredTableID>
<keyObject>56533224-9525-489F-BD11-3DABAB52B03D</keyObject>
<referredKeyID>56533224-9525-489F-BD11-3DABAB52B03D</referredKeyID>
<mandatory>true</mandatory>
<refColNames>ID_User</refColNames>
<transferable>true</transferable>
<rely>false</rely>
<columnDependencyConstraintGenerateInDDL>true</columnDependencyConstraintGenerateInDDL>
</FKIndexAssociation>
