<?xml version = '1.0' encoding = 'UTF-8'?>
<Diagram class="oracle.dbtools.crest.swingui.relational.DPVRelational" name="Relational_1" id="2D94A3A9-303D-710D-5181-9012268FCEFB">
<createdBy>Albert</createdBy>
<modifiedBy>Albert</modifiedBy>
<createdTime>2022-05-07 10:40:10 UTC</createdTime>
<autoRoute>false</autoRoute>
<boxInbox>true</boxInbox>
<showLegend>false</showLegend>
<showLabels>false</showLabels>
<showRelAttributes>false</showRelAttributes>
<gridEnabled>false</gridEnabled>
<showGrid>false</showGrid>
<diagramColor>-1</diagramColor>
<display>false</display>
<notation>1</notation>
<objectViews>
<OView class="oracle.dbtools.crest.swingui.relational.TVTable" oid="0C4C04EB-42BE-FE88-103D-8251AAA2F080" otype="Table" vid="580B6A3B-2CA2-360F-4324-D80FA6C4B219">
<hideElementsInCurrentOnly>false</hideElementsInCurrentOnly>
<bounds x="805" y="542" width="190" height="211"/>
</OView>
<OView class="oracle.dbtools.crest.swingui.relational.TVTable" oid="2E3880DD-343F-6228-385D-852520AE0EE9" otype="Table" vid="01FA186F-0C3B-2921-492B-3BA9193A767A">
<hideElementsInCurrentOnly>false</hideElementsInCurrentOnly>
<bounds x="330" y="707" width="173" height="143"/>
</OView>
<OView class="oracle.dbtools.crest.swingui.relational.TVTable" oid="588E0192-CDFD-60D6-981E-0A5552AAE3C7" otype="Table" vid="49F52C07-984F-1F7F-BABC-7B69FC903666">
<hideElementsInCurrentOnly>false</hideElementsInCurrentOnly>
<bounds x="1035" y="272" width="223" height="222"/>
</OView>
<OView class="oracle.dbtools.crest.swingui.relational.TVTable" oid="6FBFCE5C-A4B9-400C-8682-CF5540CBD730" otype="Table" vid="093115CB-6CD8-B4C6-10C3-680496126235">
<hideElementsInCurrentOnly>false</hideElementsInCurrentOnly>
<bounds x="1055" y="530" width="223" height="217"/>
</OView>
<OView class="oracle.dbtools.crest.swingui.relational.TVTable" oid="76B3D66A-39B8-5AF7-5EB9-DC6F9376A837" otype="Table" vid="E5A1E727-C50E-EE52-041B-C3F38A9E43EE">
<hideElementsInCurrentOnly>false</hideElementsInCurrentOnly>
<bounds x="791" y="156" width="214" height="362"/>
</OView>
<OView class="oracle.dbtools.crest.swingui.relational.TVTable" oid="92303213-FD60-C72B-8147-6AB97049055B" otype="Table" vid="86BCB952-FF2A-9BF0-5643-AAE1B61BFB0F">
<hideElementsInCurrentOnly>false</hideElementsInCurrentOnly>
<bounds x="312" y="21" width="195" height="639"/>
</OView>
<OView class="oracle.dbtools.crest.swingui.relational.TVTable" oid="95DCE8C5-4CD7-F105-548D-944F6A6D7C49" otype="Table" vid="49CE79DD-47CB-4D2B-C6E6-66275E856BE7">
<hideElementsInCurrentOnly>false</hideElementsInCurrentOnly>
<bounds x="559" y="400" width="204" height="231"/>
</OView>
<OView class="oracle.dbtools.crest.swingui.relational.TVTable" oid="A2B2A9C8-960E-948A-AA98-F10F1947F4F8" otype="Table" vid="FBE20FE0-2665-6070-E245-4CD9648C7298">
<hideElementsInCurrentOnly>false</hideElementsInCurrentOnly>
<bounds x="776" y="24" width="152" height="101"/>
</OView>
<OView class="oracle.dbtools.crest.swingui.relational.TVTable" oid="D32FA8C4-8F5B-9C90-8ADB-4C6A05199CE3" otype="Table" vid="12FABDDF-ED31-8C3B-05AD-1D196E2F1207">
<hideElementsInCurrentOnly>false</hideElementsInCurrentOnly>
<bounds x="1012" y="23" width="165" height="130"/>
</OView>
</objectViews>
<connectors>
<Connector class="oracle.dbtools.crest.swingui.relational.TVFKRelation" oid="00714A47-602C-CBE0-A5EB-35AE36BC0EF9" otype="FKIndexAssociation" vid_source="49CE79DD-47CB-4D2B-C6E6-66275E856BE7" vid_target="580B6A3B-2CA2-360F-4324-D80FA6C4B219">
<hideElementsInCurrentOnly>false</hideElementsInCurrentOnly>
<backgroundColor>-16777216</backgroundColor>
<lineWidth>1</lineWidth>
<points>
<point x="763" y="586"/>
<point x="805" y="586"/>
</points>
</Connector>
<Connector class="oracle.dbtools.crest.swingui.relational.TVFKRelation" oid="04827E2B-F976-BAA2-C87B-6C46F070CAE4" otype="FKIndexAssociation" vid_source="49F52C07-984F-1F7F-BABC-7B69FC903666" vid_target="580B6A3B-2CA2-360F-4324-D80FA6C4B219">
<hideElementsInCurrentOnly>false</hideElementsInCurrentOnly>
<backgroundColor>-16777216</backgroundColor>
<lineWidth>1</lineWidth>
<points>
<point x="1043" y="494"/>
<point x="995" y="545"/>
</points>
</Connector>
<Connector class="oracle.dbtools.crest.swingui.relational.TVFKRelation" oid="1E8C845D-036C-386D-B3D9-08E7F5505C96" otype="FKIndexAssociation" vid_source="093115CB-6CD8-B4C6-10C3-680496126235" vid_target="580B6A3B-2CA2-360F-4324-D80FA6C4B219">
<hideElementsInCurrentOnly>false</hideElementsInCurrentOnly>
<backgroundColor>-16777216</backgroundColor>
<lineWidth>1</lineWidth>
<points>
<point x="1055" y="644"/>
<point x="995" y="644"/>
</points>
</Connector>
<Connector class="oracle.dbtools.crest.swingui.relational.TVFKRelation" oid="41FD1447-63F6-08AB-99B2-3FB527D85DD9" otype="FKIndexAssociation" vid_source="86BCB952-FF2A-9BF0-5643-AAE1B61BFB0F" vid_target="01FA186F-0C3B-2921-492B-3BA9193A767A">
<hideElementsInCurrentOnly>false</hideElementsInCurrentOnly>
<backgroundColor>-16777216</backgroundColor>
<lineWidth>1</lineWidth>
<points>
<point x="416" y="660"/>
<point x="416" y="707"/>
</points>
</Connector>
<Connector class="oracle.dbtools.crest.swingui.relational.TVFKRelation" oid="79EF4B20-5FF5-9E82-5CC6-F29CAE4D4DCF" otype="FKIndexAssociation" vid_source="E5A1E727-C50E-EE52-041B-C3F38A9E43EE" vid_target="580B6A3B-2CA2-360F-4324-D80FA6C4B219">
<hideElementsInCurrentOnly>false</hideElementsInCurrentOnly>
<backgroundColor>-16777216</backgroundColor>
<lineWidth>1</lineWidth>
<points>
<point x="900" y="518"/>
<point x="900" y="542"/>
</points>
</Connector>
<Connector class="oracle.dbtools.crest.swingui.relational.TVFKRelation" oid="7EF1888F-6E77-ECEC-0A3F-CC7FC4012CB4" otype="FKIndexAssociation" vid_source="E5A1E727-C50E-EE52-041B-C3F38A9E43EE" vid_target="86BCB952-FF2A-9BF0-5643-AAE1B61BFB0F">
<hideElementsInCurrentOnly>false</hideElementsInCurrentOnly>
<backgroundColor>-16777216</backgroundColor>
<lineWidth>1</lineWidth>
<points>
<point x="791" y="337"/>
<point x="507" y="337"/>
</points>
</Connector>
<Connector class="oracle.dbtools.crest.swingui.relational.TVFKRelation" oid="96950C32-300C-621C-16E7-6CC83A3C42C6" otype="FKIndexAssociation" vid_source="FBE20FE0-2665-6070-E245-4CD9648C7298" vid_target="86BCB952-FF2A-9BF0-5643-AAE1B61BFB0F">
<hideElementsInCurrentOnly>false</hideElementsInCurrentOnly>
<backgroundColor>-16777216</backgroundColor>
<lineWidth>1</lineWidth>
<points>
<point x="776" y="74"/>
<point x="507" y="74"/>
</points>
</Connector>
<Connector class="oracle.dbtools.crest.swingui.relational.TVFKRelation" oid="D9694FA6-3CA1-7575-AF4E-A53D91C14AF6" otype="FKIndexAssociation" vid_source="49CE79DD-47CB-4D2B-C6E6-66275E856BE7" vid_target="86BCB952-FF2A-9BF0-5643-AAE1B61BFB0F">
<hideElementsInCurrentOnly>false</hideElementsInCurrentOnly>
<backgroundColor>-16777216</backgroundColor>
<lineWidth>1</lineWidth>
<points>
<point x="559" y="515"/>
<point x="507" y="515"/>
</points>
</Connector>
<Connector class="oracle.dbtools.crest.swingui.relational.TVFKRelation" oid="EA4356CD-520E-0EA7-ECBF-ED9B256E9022" otype="FKIndexAssociation" vid_source="FBE20FE0-2665-6070-E245-4CD9648C7298" vid_target="E5A1E727-C50E-EE52-041B-C3F38A9E43EE">
<hideElementsInCurrentOnly>false</hideElementsInCurrentOnly>
<backgroundColor>-16777216</backgroundColor>
<lineWidth>1</lineWidth>
<points>
<point x="859" y="125"/>
<point x="859" y="156"/>
</points>
</Connector>
</connectors>
</Diagram>
