<?xml version = '1.0' encoding = 'UTF-8'?>
<Table class="oracle.dbtools.crest.model.design.relational.Table" directorySegmentName="seg_0" id="3C28C444-9325-D2CD-7662-E277B3F6D041" name="BATALLA">
<createdBy>fraci</createdBy>
<createdTime>2022-05-05 07:43:16 UTC</createdTime>
<generatorID>49AF00DF-748C-0BE0-E96A-E2A6EA868992</generatorID>
<ownerDesignName>data_mod</ownerDesignName>
<allowColumnReorder>false</allowColumnReorder>
<existDependencyGenerateInDDl>true</existDependencyGenerateInDDl>
<parsed>true</parsed>
<columns itemClass="oracle.dbtools.crest.model.design.relational.Column">
<Column name="ID_Baattle" id="D3B658F5-79E8-4136-D2C0-4BC9A697E858">
<createdBy>fraci</createdBy>
<createdTime>2022-05-05 07:43:16 UTC</createdTime>
<generatorID>AFFC9D02-291C-AD99-8E50-4B7A46601A8E</generatorID>
<ownerDesignName>data_mod</ownerDesignName>
<nullsAllowed>true</nullsAllowed>
<useDomainConstraints>false</useDomainConstraints>
<use>1</use>
<logicalDatatype>LOGDT019</logicalDatatype>
<ownDataTypeParameters>,,</ownDataTypeParameters>
<autoIncrementCycle>false</autoIncrementCycle>
</Column>
<Column name="ID_User" id="5FAAAD32-DFEE-6368-44FA-46B091527EC0">
<createdBy>fraci</createdBy>
<createdTime>2022-05-05 07:43:16 UTC</createdTime>
<generatorID>B638567D-3DF1-B604-124B-00F1E6E16761</generatorID>
<ownerDesignName>data_mod</ownerDesignName>
<nullsAllowed>true</nullsAllowed>
<useDomainConstraints>false</useDomainConstraints>
<use>1</use>
<logicalDatatype>LOGDT019</logicalDatatype>
<ownDataTypeParameters>,,</ownDataTypeParameters>
<autoIncrementCycle>false</autoIncrementCycle>
</Column>
<Column name="unidadInicial_User" id="0F744C7A-29E2-8CF8-AD1E-C98EB86DFD48">
<createdBy>fraci</createdBy>
<createdTime>2022-05-05 07:43:16 UTC</createdTime>
<generatorID>AD7A2065-AA7F-9875-8212-17A816A17B75</generatorID>
<ownerDesignName>data_mod</ownerDesignName>
<nullsAllowed>true</nullsAllowed>
<useDomainConstraints>false</useDomainConstraints>
<use>1</use>
<logicalDatatype>LOGDT019</logicalDatatype>
<ownDataTypeParameters>,,</ownDataTypeParameters>
<autoIncrementCycle>false</autoIncrementCycle>
</Column>
<Column name="unidadFinal_User" id="7F5DB949-BDE6-3E70-0CC0-BDB55FB002D9">
<createdBy>fraci</createdBy>
<createdTime>2022-05-05 07:43:16 UTC</createdTime>
<generatorID>39CBF3DF-9B7F-2BCB-76F7-3AEE9CE9F610</generatorID>
<ownerDesignName>data_mod</ownerDesignName>
<nullsAllowed>true</nullsAllowed>
<useDomainConstraints>false</useDomainConstraints>
<use>1</use>
<logicalDatatype>LOGDT019</logicalDatatype>
<ownDataTypeParameters>,,</ownDataTypeParameters>
<autoIncrementCycle>false</autoIncrementCycle>
</Column>
<Column name="unidadInicial_Enemigo" id="AEAD2985-D837-42D1-DA52-5845BF7D5548">
<createdBy>fraci</createdBy>
<createdTime>2022-05-05 07:43:16 UTC</createdTime>
<generatorID>4389B90C-0A7E-6F84-B79A-2545A4C7DA0B</generatorID>
<ownerDesignName>data_mod</ownerDesignName>
<nullsAllowed>true</nullsAllowed>
<useDomainConstraints>false</useDomainConstraints>
<use>1</use>
<logicalDatatype>LOGDT019</logicalDatatype>
<ownDataTypeParameters>,,</ownDataTypeParameters>
<autoIncrementCycle>false</autoIncrementCycle>
</Column>
<Column name="unidadFinal_Enemigo" id="09A24A9A-44DC-9124-9065-42F2457D5B7B">
<createdBy>fraci</createdBy>
<createdTime>2022-05-05 07:43:16 UTC</createdTime>
<generatorID>E1DA7B8A-A36A-BB0B-9F5F-71801F5E0B3C</generatorID>
<ownerDesignName>data_mod</ownerDesignName>
<nullsAllowed>true</nullsAllowed>
<useDomainConstraints>false</useDomainConstraints>
<use>1</use>
<logicalDatatype>LOGDT019</logicalDatatype>
<ownDataTypeParameters>,,</ownDataTypeParameters>
<autoIncrementCycle>false</autoIncrementCycle>
</Column>
</columns>
<indexes itemClass="oracle.dbtools.crest.model.design.relational.Index">
<ind_PK_UK id="1C803DC3-A06D-6B31-6A9F-99E40CAA979A" name="BATALLA_PK">
<createdBy>fraci</createdBy>
<createdTime>2022-05-05 07:43:16 UTC</createdTime>
<generatorID>6BE3C6A3-46C3-A113-91FC-8F06FECF6F55</generatorID>
<ownerDesignName>data_mod</ownerDesignName>
<pk>true</pk>
<indexState>Primary Constraint</indexState>
<isSurrogateKey>false</isSurrogateKey>
<indexColumnUsage>
<colUsage columnID="D3B658F5-79E8-4136-D2C0-4BC9A697E858"/>
<colUsage columnID="5FAAAD32-DFEE-6368-44FA-46B091527EC0"/>
</indexColumnUsage>
</ind_PK_UK>
</indexes>
</Table>
