<?xml version = '1.0' encoding = 'UTF-8'?>
<FKIndexAssociation class="oracle.dbtools.crest.model.design.relational.FKIndexAssociation" directorySegmentName="seg_0" id="B7B82EF2-3305-2771-FA72-BD9BA3AEF80F" containerWithKeyObject="318F048B-0AFF-A3F5-308F-B28B9D61BD35" localFKIndex="25D5CA86-E869-5448-4EEA-BA2F1BE46865" name="TECHNOLOGY_DEFENSE_PLANETA_FK">
<createdBy>fraci</createdBy>
<createdTime>2022-05-05 07:43:16 UTC</createdTime>
<generatorID>5D193DA1-97D5-F8D2-0C2E-710BDB0FCD5C</generatorID>
<ownerDesignName>data_mod</ownerDesignName>
<referredTableLongName>PLANETA</referredTableLongName>
<arc>72F1422D-04C6-0AEC-1AA0-C500A23A2F04</arc>
<deleteRule>NO ACTION</deleteRule>
<referredTableID>F60F0AF3-BFC9-BDDD-92FE-155FF225D9B1</referredTableID>
<keyObject>61C337F4-CC18-6601-21D7-AEA0BF927E34</keyObject>
<referredKeyID>61C337F4-CC18-6601-21D7-AEA0BF927E34</referredKeyID>
<mandatory>true</mandatory>
<refColNames>ID_Planeta</refColNames>
<transferable>true</transferable>
<rely>false</rely>
<columnDependencyConstraintGenerateInDDL>true</columnDependencyConstraintGenerateInDDL>
</FKIndexAssociation>
