<?xml version = '1.0' encoding = 'UTF-8'?>
<Table class="oracle.dbtools.crest.model.design.relational.Table" directorySegmentName="seg_0" id="588E0192-CDFD-60D6-981E-0A5552AAE3C7" name="Defense">
<createdBy>Albert</createdBy>
<createdTime>2022-05-07 12:27:55 UTC</createdTime>
<generatorID>64708AED-7ED9-CBB4-35D4-F995918CF18F</generatorID>
<ownerDesignName>NuevoModelo_Alternativo</ownerDesignName>
<allowColumnReorder>false</allowColumnReorder>
<existDependencyGenerateInDDl>true</existDependencyGenerateInDDl>
<parsed>true</parsed>
<columns itemClass="oracle.dbtools.crest.model.design.relational.Column">
<Column name="ID_Defense" id="7AF317E2-BE07-85C1-0A93-1A22B20AE5DF">
<createdBy>Albert</createdBy>
<createdTime>2022-05-07 12:27:55 UTC</createdTime>
<generatorID>B6AA93E1-33B4-4E0E-4A83-1DCBD002CFC4</generatorID>
<ownerDesignName>NuevoModelo_Alternativo</ownerDesignName>
<useDomainConstraints>false</useDomainConstraints>
<use>1</use>
<logicalDatatype>LOGDT011</logicalDatatype>
<ownDataTypeParameters>,,</ownDataTypeParameters>
<autoIncrementCycle>false</autoIncrementCycle>
</Column>
<Column name="name" id="3C5DD1A2-32FB-4182-3295-BE6D218C52B6">
<createdBy>Albert</createdBy>
<createdTime>2022-05-07 12:27:55 UTC</createdTime>
<generatorID>6110A651-5766-E1BD-B8BF-BB668575D76E</generatorID>
<ownerDesignName>NuevoModelo_Alternativo</ownerDesignName>
<useDomainConstraints>false</useDomainConstraints>
<use>1</use>
<logicalDatatype>LOGDT024</logicalDatatype>
<dataTypeSize>30</dataTypeSize>
<ownDataTypeParameters>30,,</ownDataTypeParameters>
<autoIncrementCycle>false</autoIncrementCycle>
</Column>
<Column name="metal_Cost" id="BB34AE4B-285D-6222-048D-566ED72D579F">
<createdBy>Albert</createdBy>
<createdTime>2022-05-07 12:27:55 UTC</createdTime>
<generatorID>C82612CB-8782-B678-1BB3-040D5A91D4FB</generatorID>
<ownerDesignName>NuevoModelo_Alternativo</ownerDesignName>
<useDomainConstraints>false</useDomainConstraints>
<use>1</use>
<logicalDatatype>LOGDT011</logicalDatatype>
<ownDataTypeParameters>,,</ownDataTypeParameters>
<autoIncrementCycle>false</autoIncrementCycle>
</Column>
<Column name="crystal_Cost" id="BC35EEC9-006D-A5A1-AD46-DC2C9F77F483">
<createdBy>Albert</createdBy>
<createdTime>2022-05-07 12:27:55 UTC</createdTime>
<generatorID>DCD5C194-233C-9697-5933-D4B7E84E3C9D</generatorID>
<ownerDesignName>NuevoModelo_Alternativo</ownerDesignName>
<useDomainConstraints>false</useDomainConstraints>
<use>1</use>
<logicalDatatype>LOGDT011</logicalDatatype>
<ownDataTypeParameters>,,</ownDataTypeParameters>
<autoIncrementCycle>false</autoIncrementCycle>
</Column>
<Column name="deuterium_Cost" id="C50429A1-A24D-EC07-A621-1FFFFEB05655">
<createdBy>Albert</createdBy>
<createdTime>2022-05-07 12:27:55 UTC</createdTime>
<generatorID>C4ABD622-92C7-24FD-952E-71152D3EB1BD</generatorID>
<ownerDesignName>NuevoModelo_Alternativo</ownerDesignName>
<useDomainConstraints>false</useDomainConstraints>
<use>1</use>
<logicalDatatype>LOGDT011</logicalDatatype>
<ownDataTypeParameters>,,</ownDataTypeParameters>
<autoIncrementCycle>false</autoIncrementCycle>
</Column>
<Column name="initialArmor" id="4E10990F-7F9F-5CA6-37D9-3FB8D8E3A5B6">
<createdBy>Albert</createdBy>
<createdTime>2022-05-07 12:27:55 UTC</createdTime>
<generatorID>069410F1-3193-15E8-0E8B-D6470171E2BE</generatorID>
<ownerDesignName>NuevoModelo_Alternativo</ownerDesignName>
<useDomainConstraints>false</useDomainConstraints>
<use>1</use>
<logicalDatatype>LOGDT011</logicalDatatype>
<ownDataTypeParameters>,,</ownDataTypeParameters>
<autoIncrementCycle>false</autoIncrementCycle>
</Column>
<Column name="armor" id="360160AC-A89F-68DD-5B13-CCC465FBECFD">
<createdBy>Albert</createdBy>
<createdTime>2022-05-07 12:27:55 UTC</createdTime>
<generatorID>6435AACF-AC75-5193-E4D2-AC96BBD4CA40</generatorID>
<ownerDesignName>NuevoModelo_Alternativo</ownerDesignName>
<nullsAllowed>true</nullsAllowed>
<useDomainConstraints>false</useDomainConstraints>
<use>1</use>
<logicalDatatype>LOGDT011</logicalDatatype>
<ownDataTypeParameters>,,</ownDataTypeParameters>
<autoIncrementCycle>false</autoIncrementCycle>
</Column>
<Column name="baseDamage" id="54CD3FA2-2F2D-641B-66DB-A73E5AFDEDE7">
<createdBy>Albert</createdBy>
<createdTime>2022-05-07 12:27:55 UTC</createdTime>
<generatorID>4081B60B-774F-F92B-9672-5002400EC31A</generatorID>
<ownerDesignName>NuevoModelo_Alternativo</ownerDesignName>
<useDomainConstraints>false</useDomainConstraints>
<use>1</use>
<logicalDatatype>LOGDT011</logicalDatatype>
<ownDataTypeParameters>,,</ownDataTypeParameters>
<autoIncrementCycle>false</autoIncrementCycle>
</Column>
<Column name="speed" id="E3341F1F-655F-3DFA-E97B-59BC0CCB65E9">
<createdBy>Albert</createdBy>
<createdTime>2022-05-07 12:27:55 UTC</createdTime>
<generatorID>F8BADA47-792F-D5B8-A2C7-8B9F76FC5D5F</generatorID>
<ownerDesignName>NuevoModelo_Alternativo</ownerDesignName>
<useDomainConstraints>false</useDomainConstraints>
<use>1</use>
<logicalDatatype>LOGDT011</logicalDatatype>
<ownDataTypeParameters>,,</ownDataTypeParameters>
<autoIncrementCycle>false</autoIncrementCycle>
</Column>
<Column name="generateWasting" id="2B195126-BC93-7597-770B-A6918B519BC1">
<createdBy>Albert</createdBy>
<createdTime>2022-05-07 12:27:55 UTC</createdTime>
<generatorID>FF15CAA3-1F2C-DC4F-12BD-BB267D1FCCDF</generatorID>
<ownerDesignName>NuevoModelo_Alternativo</ownerDesignName>
<useDomainConstraints>false</useDomainConstraints>
<use>1</use>
<logicalDatatype>LOGDT011</logicalDatatype>
<ownDataTypeParameters>,,</ownDataTypeParameters>
<autoIncrementCycle>false</autoIncrementCycle>
</Column>
</columns>
<indexes itemClass="oracle.dbtools.crest.model.design.relational.Index">
<ind_PK_UK id="93438275-DEB7-F818-99DF-C4160C2CF86E" name="Defense_PK">
<createdBy>Albert</createdBy>
<createdTime>2022-05-07 13:00:45 UTC</createdTime>
<generatorID>9E61785A-9E87-2C3D-9638-3AA64BB20E82</generatorID>
<ownerDesignName>NuevoModelo_Alternativo</ownerDesignName>
<pk>true</pk>
<indexState>Primary Constraint</indexState>
<isSurrogateKey>false</isSurrogateKey>
<indexColumnUsage>
<colUsage columnID="7AF317E2-BE07-85C1-0A93-1A22B20AE5DF"/>
</indexColumnUsage>
</ind_PK_UK>
<ind_PK_UK id="913D5D8D-6F98-9BC6-A633-ADF2068BF6CD" name="Defense_name_UN">
<createdBy>Albert</createdBy>
<createdTime>2022-05-07 16:12:44 UTC</createdTime>
<generatorID>620D7DA2-D0C0-28D2-A570-48E6B3F8773C</generatorID>
<ownerDesignName>NuevoModelo_Alternativo</ownerDesignName>
<indexState>Unique Constraint</indexState>
<isSurrogateKey>false</isSurrogateKey>
<indexColumnUsage>
<colUsage columnID="3C5DD1A2-32FB-4182-3295-BE6D218C52B6"/>
</indexColumnUsage>
</ind_PK_UK>
<ind_PK_UK id="1471DD98-6239-EAE0-AD58-F5AB55A3D38B" name="Defense_ID_Defense_UN">
<createdBy>alumne</createdBy>
<createdTime>2022-05-10 19:15:01 UTC</createdTime>
<generatorID>75E67D48-C0D0-2621-22BD-BEE2EC8A9DF8</generatorID>
<ownerDesignName>NuevoModelo_Alternativo</ownerDesignName>
<indexState>Unique Constraint</indexState>
<isSurrogateKey>false</isSurrogateKey>
<indexColumnUsage>
<colUsage columnID="7AF317E2-BE07-85C1-0A93-1A22B20AE5DF"/>
</indexColumnUsage>
</ind_PK_UK>
</indexes>
</Table>
