<?xml version = '1.0' encoding = 'UTF-8'?>
<FKIndexAssociation class="oracle.dbtools.crest.model.design.relational.FKIndexAssociation" directorySegmentName="seg_0" id="DA51C500-3C61-3340-54E7-90B1FE54CF2E" containerWithKeyObject="3301339A-FD10-D2CB-45EC-C7358360EA18" localFKIndex="047D39FF-86E1-46A8-781F-3AA49CB1F44F" name="TECHNOGLOGY_ATTACK_PLANETA_FK">
<createdBy>fraci</createdBy>
<createdTime>2022-05-05 07:43:16 UTC</createdTime>
<generatorID>5E78DF7D-B1A6-990C-C4E0-AFED9F3E5B64</generatorID>
<ownerDesignName>data_mod</ownerDesignName>
<referredTableLongName>PLANETA</referredTableLongName>
<arc>72F1422D-04C6-0AEC-1AA0-C500A23A2F04</arc>
<deleteRule>NO ACTION</deleteRule>
<referredTableID>F60F0AF3-BFC9-BDDD-92FE-155FF225D9B1</referredTableID>
<keyObject>61C337F4-CC18-6601-21D7-AEA0BF927E34</keyObject>
<referredKeyID>61C337F4-CC18-6601-21D7-AEA0BF927E34</referredKeyID>
<mandatory>true</mandatory>
<refColNames>ID_Planeta</refColNames>
<transferable>true</transferable>
<rely>false</rely>
<columnDependencyConstraintGenerateInDDL>true</columnDependencyConstraintGenerateInDDL>
</FKIndexAssociation>
