<?xml version = '1.0' encoding = 'UTF-8'?>
<FKIndexAssociation class="oracle.dbtools.crest.model.design.relational.FKIndexAssociation" directorySegmentName="seg_0" id="EE4B0C65-EEDB-7BF3-6F1D-23E6993DDF84" containerWithKeyObject="78F849D6-B6DA-443E-D08A-164394E8E224" localFKIndex="D29FA6DC-5BD2-C82F-BE04-B679C03719D5" name="DEFENSE_PLANETA_FK">
<createdBy>fraci</createdBy>
<createdTime>2022-05-05 07:43:16 UTC</createdTime>
<generatorID>BA52E885-2BDB-20D9-69BD-1B4ED983E874</generatorID>
<ownerDesignName>data_mod</ownerDesignName>
<referredTableLongName>PLANETA</referredTableLongName>
<arc>72F1422D-04C6-0AEC-1AA0-C500A23A2F04</arc>
<deleteRule>NO ACTION</deleteRule>
<referredTableID>F60F0AF3-BFC9-BDDD-92FE-155FF225D9B1</referredTableID>
<keyObject>61C337F4-CC18-6601-21D7-AEA0BF927E34</keyObject>
<referredKeyID>61C337F4-CC18-6601-21D7-AEA0BF927E34</referredKeyID>
<mandatory>true</mandatory>
<refColNames>ID_Planeta</refColNames>
<transferable>true</transferable>
<rely>false</rely>
<columnDependencyConstraintGenerateInDDL>true</columnDependencyConstraintGenerateInDDL>
</FKIndexAssociation>
