<?xml version = '1.0' encoding = 'UTF-8'?>
<Relation class="oracle.dbtools.crest.model.design.logical.Relation" name="Relation_19" directorySegmentName="seg_0" id="4A855622-E807-4D9A-317F-E484B044169B">
<createdBy>alumne</createdBy>
<createdTime>2022-05-10 20:37:07 UTC</createdTime>
<ownerDesignName>NuevoModelo_Alternativo</ownerDesignName>
<engineerTo>
<item key="1343D15C-3B40-E491-45C3-5C8F631A17DE" value="true"/>
</engineerTo>
<sourcePk>2FFA93D1-1A2B-343A-2ED6-C8033251B8CD</sourcePk>
<identifying>true</identifying>
<optionalSource>true</optionalSource>
<optionalTarget>false</optionalTarget>
<sourceCardinality>1</sourceCardinality>
<sourceEntity>8A5FA8D4-DCC2-E42F-6AC0-EC2CB92E2361</sourceEntity>
<targetCardinalityString>*</targetCardinalityString>
<targetEntity>BF84E411-7FC6-4133-DB4B-1045F8CB8EC5</targetEntity>
<transferable>true</transferable>
<deleteRule>NO ACTION</deleteRule>
</Relation>
