<?xml version = '1.0' encoding = 'UTF-8'?>
<Relation class="oracle.dbtools.crest.model.design.logical.Relation" name="Battle Enemy FK" directorySegmentName="seg_0" id="76D3E3B5-2172-86E9-6D12-3B8646AAEE17">
<createdBy>Albert</createdBy>
<createdTime>2022-05-07 12:44:16 UTC</createdTime>
<ownerDesignName>NuevoModelo_Alternativo</ownerDesignName>
<engineerTo>
<item key="1343D15C-3B40-E491-45C3-5C8F631A17DE" value="true"/>
</engineerTo>
<sourcePk>68D614D7-9532-ECE4-D1A3-DFC73EF3FB8B</sourcePk>
<identifying>false</identifying>
<optionalSource>true</optionalSource>
<optionalTarget>false</optionalTarget>
<sourceCardinality>1</sourceCardinality>
<sourceEntity>3AEE14A3-69D6-4872-6C67-CC4E6C562C6C</sourceEntity>
<targetCardinalityString>*</targetCardinalityString>
<targetEntity>1E4A2CC3-1CC6-C056-2B1A-4833468F7728</targetEntity>
<transferable>true</transferable>
<deleteRule>NO ACTION</deleteRule>
</Relation>
