<?xml version = '1.0' encoding = 'UTF-8'?>
<Entity class="oracle.dbtools.crest.model.design.logical.Entity" directorySegmentName="seg_0" id="1B1E5212-0585-73C0-49A3-3C2B3FA0FAB0" name="Planet">
<createdBy>Albert</createdBy>
<createdTime>2022-05-07 12:03:40 UTC</createdTime>
<ownerDesignName>NuevoModelo</ownerDesignName>
<engineerTo>
<item key="1343D15C-3B40-E491-45C3-5C8F631A17DE" value="true"/>
</engineerTo>
<adequatelyNormalized>NO</adequatelyNormalized>
<expectedVolumes>0</expectedVolumes>
<fwdEngineeringStrategyName>Single Table</fwdEngineeringStrategyName>
<growthPercent>0</growthPercent>
<growthType>Year</growthType>
<maxVolumes>9999999</maxVolumes>
<minVolumes>0</minVolumes>
<normalForm>Third</normalForm>
<attributes itemClass="oracle.dbtools.crest.model.design.logical.Attribute">
<Attribute name="ID Planet" id="64DF48F0-A271-B873-75B5-ADED0517DEA5">
<createdBy>Albert</createdBy>
<createdTime>2022-05-07 12:05:56 UTC</createdTime>
<ownerDesignName>NuevoModelo</ownerDesignName>
<engineerTo>
<item key="1343D15C-3B40-E491-45C3-5C8F631A17DE" value="true"/>
</engineerTo>
<useDomainConstraints>false</useDomainConstraints>
<use>1</use>
<logicalDatatype>LOGDT011</logicalDatatype>
<ownDataTypeParameters>,,</ownDataTypeParameters>
</Attribute>
<Attribute name="User ID User" id="F9F761BE-59B1-328B-0AC3-27AC30BA8A0B">
<createdBy>Albert</createdBy>
<createdTime>2022-05-07 12:20:50 UTC</createdTime>
<generatorID>F26765E6-ACD9-AA0F-F693-A1C37201EC7A</generatorID>
<ownerDesignName>NuevoModelo</ownerDesignName>
<engineerTo>
<item key="1343D15C-3B40-E491-45C3-5C8F631A17DE" value="true"/>
</engineerTo>
<referedAttribute>464E4531-9CBD-FD74-FE6C-F8741911903E</referedAttribute>
<useDomainConstraints>false</useDomainConstraints>
<use>1</use>
<logicalDatatype>LOGDT011</logicalDatatype>
<ownDataTypeParameters>,,</ownDataTypeParameters>
</Attribute>
<Attribute name="planet Name" id="859CA4BF-9946-076D-7602-E849677EB269">
<createdBy>Albert</createdBy>
<createdTime>2022-05-07 12:15:36 UTC</createdTime>
<ownerDesignName>NuevoModelo</ownerDesignName>
<engineerTo>
<item key="1343D15C-3B40-E491-45C3-5C8F631A17DE" value="true"/>
</engineerTo>
<useDomainConstraints>false</useDomainConstraints>
<use>1</use>
<logicalDatatype>LOGDT024</logicalDatatype>
<dataTypeSize>30</dataTypeSize>
<ownDataTypeParameters>30,,</ownDataTypeParameters>
</Attribute>
<Attribute name="quantity Metal" id="7C1B9ECD-6DF8-D661-2C58-B0D1BD807B20">
<createdBy>Albert</createdBy>
<createdTime>2022-05-07 12:19:26 UTC</createdTime>
<ownerDesignName>NuevoModelo</ownerDesignName>
<engineerTo>
<item key="1343D15C-3B40-E491-45C3-5C8F631A17DE" value="true"/>
</engineerTo>
<nullsAllowed>true</nullsAllowed>
<useDomainConstraints>false</useDomainConstraints>
<use>1</use>
<logicalDatatype>LOGDT011</logicalDatatype>
<defaultValue>0</defaultValue>
<ownDataTypeParameters>,,</ownDataTypeParameters>
</Attribute>
<Attribute name="quantity Crystal" id="FCF469E4-91CB-CCBE-E3FE-771522DDD974">
<createdBy>Albert</createdBy>
<createdTime>2022-05-07 12:19:57 UTC</createdTime>
<ownerDesignName>NuevoModelo</ownerDesignName>
<engineerTo>
<item key="1343D15C-3B40-E491-45C3-5C8F631A17DE" value="true"/>
</engineerTo>
<nullsAllowed>true</nullsAllowed>
<useDomainConstraints>false</useDomainConstraints>
<use>1</use>
<logicalDatatype>LOGDT011</logicalDatatype>
<defaultValue>0</defaultValue>
<ownDataTypeParameters>,,</ownDataTypeParameters>
</Attribute>
<Attribute name="quantity Deuterium" id="3B83B322-EE56-FFD5-F816-34551A17C2D5">
<createdBy>Albert</createdBy>
<createdTime>2022-05-07 12:19:58 UTC</createdTime>
<ownerDesignName>NuevoModelo</ownerDesignName>
<engineerTo>
<item key="1343D15C-3B40-E491-45C3-5C8F631A17DE" value="true"/>
</engineerTo>
<nullsAllowed>true</nullsAllowed>
<useDomainConstraints>false</useDomainConstraints>
<use>1</use>
<logicalDatatype>LOGDT011</logicalDatatype>
<defaultValue>0</defaultValue>
<ownDataTypeParameters>,,</ownDataTypeParameters>
</Attribute>
<Attribute name="num LightHunter" id="764F72A7-D9A5-8934-8783-27DCF1C6C40F">
<createdBy>Albert</createdBy>
<createdTime>2022-05-07 12:33:20 UTC</createdTime>
<ownerDesignName>NuevoModelo</ownerDesignName>
<engineerTo>
<item key="1343D15C-3B40-E491-45C3-5C8F631A17DE" value="true"/>
</engineerTo>
<nullsAllowed>true</nullsAllowed>
<useDomainConstraints>false</useDomainConstraints>
<use>1</use>
<logicalDatatype>LOGDT011</logicalDatatype>
<defaultValue>0</defaultValue>
<ownDataTypeParameters>,,</ownDataTypeParameters>
</Attribute>
<Attribute name="num HeavyHunter" id="0821EC05-4727-2EEB-B860-F9DE8063B297">
<createdBy>Albert</createdBy>
<createdTime>2022-05-07 12:34:26 UTC</createdTime>
<ownerDesignName>NuevoModelo</ownerDesignName>
<engineerTo>
<item key="1343D15C-3B40-E491-45C3-5C8F631A17DE" value="true"/>
</engineerTo>
<nullsAllowed>true</nullsAllowed>
<useDomainConstraints>false</useDomainConstraints>
<use>1</use>
<logicalDatatype>LOGDT011</logicalDatatype>
<defaultValue>0</defaultValue>
<ownDataTypeParameters>,,</ownDataTypeParameters>
</Attribute>
<Attribute name="num BattleShip" id="1785E531-1FBA-3487-806F-8B34A13A4A6E">
<createdBy>Albert</createdBy>
<createdTime>2022-05-07 12:34:27 UTC</createdTime>
<ownerDesignName>NuevoModelo</ownerDesignName>
<engineerTo>
<item key="1343D15C-3B40-E491-45C3-5C8F631A17DE" value="true"/>
</engineerTo>
<nullsAllowed>true</nullsAllowed>
<useDomainConstraints>false</useDomainConstraints>
<use>1</use>
<logicalDatatype>LOGDT011</logicalDatatype>
<defaultValue>0</defaultValue>
<ownDataTypeParameters>,,</ownDataTypeParameters>
</Attribute>
<Attribute name="num ArmoredShip" id="E7195053-1EE0-847C-B3F4-AA40E154E899">
<createdBy>Albert</createdBy>
<createdTime>2022-05-07 12:34:27 UTC</createdTime>
<ownerDesignName>NuevoModelo</ownerDesignName>
<engineerTo>
<item key="1343D15C-3B40-E491-45C3-5C8F631A17DE" value="true"/>
</engineerTo>
<nullsAllowed>true</nullsAllowed>
<useDomainConstraints>false</useDomainConstraints>
<use>1</use>
<logicalDatatype>LOGDT011</logicalDatatype>
<defaultValue>0</defaultValue>
<ownDataTypeParameters>,,</ownDataTypeParameters>
</Attribute>
<Attribute name="num MissileLauncher" id="0C065BEC-36E3-7492-303E-593BC4DA4928">
<createdBy>Albert</createdBy>
<createdTime>2022-05-07 12:34:28 UTC</createdTime>
<ownerDesignName>NuevoModelo</ownerDesignName>
<engineerTo>
<item key="1343D15C-3B40-E491-45C3-5C8F631A17DE" value="true"/>
</engineerTo>
<nullsAllowed>true</nullsAllowed>
<useDomainConstraints>false</useDomainConstraints>
<use>1</use>
<logicalDatatype>LOGDT011</logicalDatatype>
<defaultValue>0</defaultValue>
<ownDataTypeParameters>,,</ownDataTypeParameters>
</Attribute>
<Attribute name="num IonCannon" id="BE4D4631-B3A5-F2A9-CFD0-8E60446C94FE">
<createdBy>Albert</createdBy>
<createdTime>2022-05-07 12:34:28 UTC</createdTime>
<ownerDesignName>NuevoModelo</ownerDesignName>
<engineerTo>
<item key="1343D15C-3B40-E491-45C3-5C8F631A17DE" value="true"/>
</engineerTo>
<nullsAllowed>true</nullsAllowed>
<useDomainConstraints>false</useDomainConstraints>
<use>1</use>
<logicalDatatype>LOGDT011</logicalDatatype>
<defaultValue>0</defaultValue>
<ownDataTypeParameters>,,</ownDataTypeParameters>
</Attribute>
<Attribute name="num PlasmaCannon" id="708D1F55-3DD0-24FB-1B8B-0F25E7B14CE7">
<createdBy>Albert</createdBy>
<createdTime>2022-05-07 12:34:28 UTC</createdTime>
<ownerDesignName>NuevoModelo</ownerDesignName>
<engineerTo>
<item key="1343D15C-3B40-E491-45C3-5C8F631A17DE" value="true"/>
</engineerTo>
<nullsAllowed>true</nullsAllowed>
<useDomainConstraints>false</useDomainConstraints>
<use>1</use>
<logicalDatatype>LOGDT011</logicalDatatype>
<defaultValue>0</defaultValue>
<ownDataTypeParameters>,,</ownDataTypeParameters>
</Attribute>
<Attribute name="current LevelDefense" id="6CB806A1-81BB-004F-F8E7-71558603FF94">
<createdBy>Albert</createdBy>
<createdTime>2022-05-07 21:47:02 UTC</createdTime>
<ownerDesignName>NuevoModelo</ownerDesignName>
<engineerTo>
<item key="1343D15C-3B40-E491-45C3-5C8F631A17DE" value="true"/>
</engineerTo>
<nullsAllowed>true</nullsAllowed>
<useDomainConstraints>false</useDomainConstraints>
<use>1</use>
<logicalDatatype>LOGDT011</logicalDatatype>
<defaultValue>1</defaultValue>
<ownDataTypeParameters>,,</ownDataTypeParameters>
</Attribute>
<Attribute name="cost DefenseUp" id="591B6A68-D427-CA1C-581F-EE2DEA494CB8">
<createdBy>Albert</createdBy>
<createdTime>2022-05-07 21:47:02 UTC</createdTime>
<ownerDesignName>NuevoModelo</ownerDesignName>
<engineerTo>
<item key="1343D15C-3B40-E491-45C3-5C8F631A17DE" value="true"/>
</engineerTo>
<useDomainConstraints>false</useDomainConstraints>
<use>1</use>
<logicalDatatype>LOGDT019</logicalDatatype>
<ownDataTypeParameters>,,</ownDataTypeParameters>
</Attribute>
<Attribute name="current LevelAttack" id="F228AC4B-3A37-FE02-CA31-5EDD6A3A7CEE">
<createdBy>Albert</createdBy>
<createdTime>2022-05-07 21:48:06 UTC</createdTime>
<ownerDesignName>NuevoModelo</ownerDesignName>
<engineerTo>
<item key="1343D15C-3B40-E491-45C3-5C8F631A17DE" value="true"/>
</engineerTo>
<nullsAllowed>true</nullsAllowed>
<useDomainConstraints>false</useDomainConstraints>
<use>1</use>
<logicalDatatype>LOGDT011</logicalDatatype>
<defaultValue>1</defaultValue>
<ownDataTypeParameters>,,</ownDataTypeParameters>
</Attribute>
<Attribute name="cost AttackUp" id="A70CC261-6138-5324-7307-F175A1083E54">
<createdBy>Albert</createdBy>
<createdTime>2022-05-07 21:48:06 UTC</createdTime>
<ownerDesignName>NuevoModelo</ownerDesignName>
<engineerTo>
<item key="1343D15C-3B40-E491-45C3-5C8F631A17DE" value="true"/>
</engineerTo>
<useDomainConstraints>false</useDomainConstraints>
<use>1</use>
<logicalDatatype>LOGDT019</logicalDatatype>
<ownDataTypeParameters>,,</ownDataTypeParameters>
</Attribute>
<Attribute name="technology Defense ID LevelDef" id="60FF311B-2D3E-741C-93FE-313EB50C4F39">
<createdBy>alumne</createdBy>
<createdTime>2022-05-08 11:17:16 UTC</createdTime>
<generatorID>6F8B7D27-04C9-0C81-7CAC-FC1FC479F5BC</generatorID>
<ownerDesignName>NuevoModelo</ownerDesignName>
<engineerTo>
<item key="1343D15C-3B40-E491-45C3-5C8F631A17DE" value="true"/>
</engineerTo>
<useDomainConstraints>false</useDomainConstraints>
<use>1</use>
<logicalDatatype>LOGDT011</logicalDatatype>
<ownDataTypeParameters>,,</ownDataTypeParameters>
</Attribute>
<Attribute name="technology Attack ID LevelAt" id="149FBFEF-D90B-6A72-B729-2289D8253530">
<createdBy>alumne</createdBy>
<createdTime>2022-05-08 11:17:16 UTC</createdTime>
<generatorID>F42691A3-3916-E934-F8BC-FC596918BCCF</generatorID>
<ownerDesignName>NuevoModelo</ownerDesignName>
<engineerTo>
<item key="1343D15C-3B40-E491-45C3-5C8F631A17DE" value="true"/>
</engineerTo>
<useDomainConstraints>false</useDomainConstraints>
<use>1</use>
<logicalDatatype>LOGDT011</logicalDatatype>
<ownDataTypeParameters>,,</ownDataTypeParameters>
</Attribute>
</attributes>
<identifiers itemClass="oracle.dbtools.crest.model.design.logical.CandidateKey">
<identifier id="9C97825F-4376-6603-794E-408A4FC34B08" name="Planet_PK">
<createdBy>Albert</createdBy>
<createdTime>2022-05-07 12:15:08 UTC</createdTime>
<ownerDesignName>NuevoModelo</ownerDesignName>
<shouldEngineer>false</shouldEngineer>
<engineerTo>
<item key="1343D15C-3B40-E491-45C3-5C8F631A17DE" value="false"/>
</engineerTo>
<pk>true</pk>
<newElementsIDs>64DF48F0-A271-B873-75B5-ADED0517DEA5</newElementsIDs>
<usedAttributes>
<attributeRef>64DF48F0-A271-B873-75B5-ADED0517DEA5</attributeRef>
</usedAttributes>
</identifier>
<identifier id="3071BC30-D439-6CFA-9E26-B98D4EC58B3A" name="Planet_planet_Name_UN">
<createdBy>Albert</createdBy>
<createdTime>2022-05-07 12:16:02 UTC</createdTime>
<ownerDesignName>NuevoModelo</ownerDesignName>
<shouldEngineer>false</shouldEngineer>
<engineerTo>
<item key="1343D15C-3B40-E491-45C3-5C8F631A17DE" value="false"/>
</engineerTo>
<newElementsIDs>859CA4BF-9946-076D-7602-E849677EB269</newElementsIDs>
<usedAttributes>
<attributeRef>859CA4BF-9946-076D-7602-E849677EB269</attributeRef>
</usedAttributes>
</identifier>
<identifier id="3F417844-1351-E57F-2447-B40279DB9C7A" name="Planet_ID_Planet_UN">
<createdBy>alumne</createdBy>
<createdTime>2022-05-09 17:57:11 UTC</createdTime>
<ownerDesignName>NuevoModelo</ownerDesignName>
<engineerTo>
<item key="1343D15C-3B40-E491-45C3-5C8F631A17DE" value="true"/>
</engineerTo>
<newElementsIDs>64DF48F0-A271-B873-75B5-ADED0517DEA5</newElementsIDs>
<usedAttributes>
<attributeRef>64DF48F0-A271-B873-75B5-ADED0517DEA5</attributeRef>
</usedAttributes>
</identifier>
</identifiers>
</Entity>
