<?xml version = '1.0' encoding = 'UTF-8'?>
<Entity class="oracle.dbtools.crest.model.design.logical.Entity" directorySegmentName="seg_0" id="69CABC9A-B6C3-C3AC-68DF-DC8BA892F64D" name="Setps Battle">
<createdBy>alumne</createdBy>
<createdTime>2022-05-14 21:03:39 UTC</createdTime>
<generatorID>2E3880DD-343F-6228-385D-852520AE0EE9</generatorID>
<ownerDesignName>NuevoModelo</ownerDesignName>
<engineerTo>
<item key="1343D15C-3B40-E491-45C3-5C8F631A17DE" value="true"/>
</engineerTo>
<adequatelyNormalized>NO</adequatelyNormalized>
<expectedVolumes>0</expectedVolumes>
<fwdEngineeringStrategyName>Single Table</fwdEngineeringStrategyName>
<growthPercent>0</growthPercent>
<growthType>Year</growthType>
<maxVolumes>9999999</maxVolumes>
<minVolumes>0</minVolumes>
<normalForm>Third</normalForm>
<attributes itemClass="oracle.dbtools.crest.model.design.logical.Attribute">
<Attribute name="ID Battle" id="0E49FDED-5B73-3E4B-7FC3-F8773967333D">
<createdBy>alumne</createdBy>
<createdTime>2022-05-14 21:03:47 UTC</createdTime>
<generatorID>410EC851-6632-58BE-9C3E-900554E48C42</generatorID>
<ownerDesignName>NuevoModelo</ownerDesignName>
<engineerTo>
<item key="1343D15C-3B40-E491-45C3-5C8F631A17DE" value="true"/>
</engineerTo>
<referedAttribute>3A5A2215-7F1A-8723-9C4F-1F75487237ED</referedAttribute>
<useDomainConstraints>false</useDomainConstraints>
<use>1</use>
<logicalDatatype>LOGDT011</logicalDatatype>
<ownDataTypeParameters>,,</ownDataTypeParameters>
</Attribute>
</attributes>
<identifiers itemClass="oracle.dbtools.crest.model.design.logical.CandidateKey">
<identifier id="CA73FD11-6096-E2F7-DB1A-128D117AC910" name="Setps Battle PK">
<createdBy>alumne</createdBy>
<createdTime>2022-05-14 21:03:47 UTC</createdTime>
<ownerDesignName>NuevoModelo</ownerDesignName>
<engineerTo>
<item key="1343D15C-3B40-E491-45C3-5C8F631A17DE" value="true"/>
</engineerTo>
<pk>true</pk>
<usedAttributes>
<attributeRef>0E49FDED-5B73-3E4B-7FC3-F8773967333D</attributeRef>
</usedAttributes>
</identifier>
</identifiers>
</Entity>
