<?xml version = '1.0' encoding = 'UTF-8'?>
<FKIndexAssociation class="oracle.dbtools.crest.model.design.relational.FKIndexAssociation" directorySegmentName="seg_0" id="078D05D0-21C4-1937-B5E1-4298DDF9D9F9" containerWithKeyObject="DADD035E-E857-FB53-52EA-BB0ECF6A81DD" localFKIndex="41FE8C76-69E5-7607-0927-32A1B2AC4F35" name="SHIP_PLANETA_FK">
<createdBy>fraci</createdBy>
<createdTime>2022-05-05 07:43:16 UTC</createdTime>
<generatorID>5A8B5682-0C71-151E-D5C8-ADE282FFA37E</generatorID>
<ownerDesignName>data_mod</ownerDesignName>
<referredTableLongName>PLANETA</referredTableLongName>
<arc>72F1422D-04C6-0AEC-1AA0-C500A23A2F04</arc>
<deleteRule>NO ACTION</deleteRule>
<referredTableID>F60F0AF3-BFC9-BDDD-92FE-155FF225D9B1</referredTableID>
<keyObject>61C337F4-CC18-6601-21D7-AEA0BF927E34</keyObject>
<referredKeyID>61C337F4-CC18-6601-21D7-AEA0BF927E34</referredKeyID>
<mandatory>true</mandatory>
<refColNames>ID_Planeta</refColNames>
<transferable>true</transferable>
<rely>false</rely>
<columnDependencyConstraintGenerateInDDL>true</columnDependencyConstraintGenerateInDDL>
</FKIndexAssociation>
