<?xml version = '1.0' encoding = 'UTF-8'?>
<Relation class="oracle.dbtools.crest.model.design.logical.Relation" name="Relation_8" directorySegmentName="seg_0" id="31066CC6-62B9-5473-56BA-AAEC9326989C">
<createdBy>Albert</createdBy>
<createdTime>2022-05-07 12:54:34 UTC</createdTime>
<ownerDesignName>NuevoModelo_Ampliado</ownerDesignName>
<engineerTo>
<item key="1343D15C-3B40-E491-45C3-5C8F631A17DE" value="true"/>
</engineerTo>
<sourcePk>C39B6FA4-5D61-A7FA-1DC5-559C0E2948AA</sourcePk>
<identifying>true</identifying>
<optionalSource>true</optionalSource>
<optionalTarget>false</optionalTarget>
<sourceCardinality>1</sourceCardinality>
<sourceEntity>079F5A9F-95A4-E665-100E-532574ECFED3</sourceEntity>
<targetCardinalityString>*</targetCardinalityString>
<targetEntity>1B1E5212-0585-73C0-49A3-3C2B3FA0FAB0</targetEntity>
<transferable>true</transferable>
<deleteRule>NO ACTION</deleteRule>
</Relation>
