<?xml version = '1.0' encoding = 'UTF-8'?>
<Entity class="oracle.dbtools.crest.model.design.logical.Entity" directorySegmentName="seg_0" id="9C748DFB-8E79-252D-16C5-BB953339CC1C" name="USER">
<createdBy>fraci</createdBy>
<createdTime>2022-05-05 07:04:45 UTC</createdTime>
<ownerDesignName>data_mod</ownerDesignName>
<engineerTo>
<item key="96AFF89A-C229-F43A-423B-E3361CBFC5EB" value="true"/>
</engineerTo>
<adequatelyNormalized>NO</adequatelyNormalized>
<expectedVolumes>0</expectedVolumes>
<fwdEngineeringStrategyName>Single Table</fwdEngineeringStrategyName>
<growthPercent>0</growthPercent>
<growthType>Year</growthType>
<maxVolumes>9999999</maxVolumes>
<minVolumes>0</minVolumes>
<normalForm>Third</normalForm>
<attributes itemClass="oracle.dbtools.crest.model.design.logical.Attribute">
<Attribute name="ID_User" id="552BBED0-B68D-5670-E5C1-0426C71A6E8D">
<createdBy>fraci</createdBy>
<createdTime>2022-05-05 07:04:51 UTC</createdTime>
<ownerDesignName>data_mod</ownerDesignName>
<engineerTo>
<item key="96AFF89A-C229-F43A-423B-E3361CBFC5EB" value="true"/>
</engineerTo>
<useDomainConstraints>false</useDomainConstraints>
<use>1</use>
<logicalDatatype>LOGDT019</logicalDatatype>
<ownDataTypeParameters>,,</ownDataTypeParameters>
</Attribute>
<Attribute name="username" id="131E9A27-A816-B7F5-BEF4-589DC5B36C33">
<createdBy>fraci</createdBy>
<createdTime>2022-05-05 07:05:26 UTC</createdTime>
<ownerDesignName>data_mod</ownerDesignName>
<engineerTo>
<item key="96AFF89A-C229-F43A-423B-E3361CBFC5EB" value="true"/>
</engineerTo>
<nullsAllowed>true</nullsAllowed>
<useDomainConstraints>false</useDomainConstraints>
<use>1</use>
<logicalDatatype>LOGDT024</logicalDatatype>
<dataTypeSize>30 CHAR</dataTypeSize>
<ownDataTypeParameters>30 CHAR,,</ownDataTypeParameters>
</Attribute>
<Attribute name="birth_date" id="DAA48B86-C020-F61E-3263-430DB29B1DCB">
<createdBy>fraci</createdBy>
<createdTime>2022-05-05 07:06:00 UTC</createdTime>
<ownerDesignName>data_mod</ownerDesignName>
<engineerTo>
<item key="96AFF89A-C229-F43A-423B-E3361CBFC5EB" value="true"/>
</engineerTo>
<nullsAllowed>true</nullsAllowed>
<useDomainConstraints>false</useDomainConstraints>
<use>1</use>
<logicalDatatype>LOGDT007</logicalDatatype>
<ownDataTypeParameters>,,</ownDataTypeParameters>
</Attribute>
<Attribute name="password" id="7D761B8D-0D8F-0E89-89A8-20E39B0B541E">
<createdBy>fraci</createdBy>
<createdTime>2022-05-05 07:06:18 UTC</createdTime>
<ownerDesignName>data_mod</ownerDesignName>
<engineerTo>
<item key="96AFF89A-C229-F43A-423B-E3361CBFC5EB" value="true"/>
</engineerTo>
<nullsAllowed>true</nullsAllowed>
<useDomainConstraints>false</useDomainConstraints>
<use>1</use>
<logicalDatatype>LOGDT024</logicalDatatype>
<ownDataTypeParameters>,,</ownDataTypeParameters>
</Attribute>
<Attribute name="ID_Baattle" id="17FDD5ED-F25B-04B6-F39C-8AF739DA0BA8">
<createdBy>fraci</createdBy>
<createdTime>2022-05-05 07:13:59 UTC</createdTime>
<generatorID>5C4689D3-2B20-AC52-A07F-3BEB9DBDBB37</generatorID>
<ownerDesignName>data_mod</ownerDesignName>
<engineerTo>
<item key="96AFF89A-C229-F43A-423B-E3361CBFC5EB" value="true"/>
</engineerTo>
<referedAttribute>AFFC9D02-291C-AD99-8E50-4B7A46601A8E</referedAttribute>
<useDomainConstraints>false</useDomainConstraints>
<use>1</use>
<logicalDatatype>LOGDT019</logicalDatatype>
<ownDataTypeParameters>,,</ownDataTypeParameters>
</Attribute>
<Attribute name="ID_User1" id="21F0B562-1C79-5543-1B47-6B60B2FD8BD7">
<createdBy>fraci</createdBy>
<createdTime>2022-05-05 07:13:59 UTC</createdTime>
<generatorID>5C4689D3-2B20-AC52-A07F-3BEB9DBDBB37</generatorID>
<ownerDesignName>data_mod</ownerDesignName>
<engineerTo>
<item key="96AFF89A-C229-F43A-423B-E3361CBFC5EB" value="true"/>
</engineerTo>
<referedAttribute>B638567D-3DF1-B604-124B-00F1E6E16761</referedAttribute>
<useDomainConstraints>false</useDomainConstraints>
<use>1</use>
<logicalDatatype>LOGDT019</logicalDatatype>
<ownDataTypeParameters>,,</ownDataTypeParameters>
</Attribute>
<Attribute name="ID_Planeta" id="C977ECF3-53F4-7CB1-C60A-8D325AE23B00">
<createdBy>fraci</createdBy>
<createdTime>2022-05-05 08:37:30 UTC</createdTime>
<generatorID>C22E9CF6-0CB5-B527-BA82-E00D92D006D8</generatorID>
<ownerDesignName>data_mod</ownerDesignName>
<engineerTo>
<item key="96AFF89A-C229-F43A-423B-E3361CBFC5EB" value="true"/>
</engineerTo>
<referedAttribute>2C7D76AB-1D0E-1658-4B20-7D223F03B84A</referedAttribute>
<useDomainConstraints>false</useDomainConstraints>
<use>1</use>
<logicalDatatype>LOGDT019</logicalDatatype>
<ownDataTypeParameters>,,</ownDataTypeParameters>
</Attribute>
</attributes>
<identifiers itemClass="oracle.dbtools.crest.model.design.logical.CandidateKey">
<identifier id="E9936D47-B975-C4DE-F22A-1B63F63124D2" name="Key_1">
<createdBy>fraci</createdBy>
<createdTime>2022-05-05 07:11:32 UTC</createdTime>
<ownerDesignName>data_mod</ownerDesignName>
<shouldEngineer>false</shouldEngineer>
<engineerTo>
<item key="96AFF89A-C229-F43A-423B-E3361CBFC5EB" value="false"/>
</engineerTo>
<pk>true</pk>
<newElementsIDs>552BBED0-B68D-5670-E5C1-0426C71A6E8D</newElementsIDs>
<usedAttributes>
<attributeRef>552BBED0-B68D-5670-E5C1-0426C71A6E8D</attributeRef>
</usedAttributes>
</identifier>
</identifiers>
</Entity>
