<?xml version = '1.0' encoding = 'UTF-8'?>
<Entity class="oracle.dbtools.crest.model.design.logical.Entity" directorySegmentName="seg_0" id="10B59B35-E740-D93E-B1F0-7924055A4186" name="Constants">
<createdBy>Albert</createdBy>
<createdTime>2022-05-07 18:09:25 UTC</createdTime>
<ownerDesignName>NuevoModelo_Ampliado</ownerDesignName>
<engineerTo>
<item key="1343D15C-3B40-E491-45C3-5C8F631A17DE" value="true"/>
</engineerTo>
<adequatelyNormalized>NO</adequatelyNormalized>
<expectedVolumes>0</expectedVolumes>
<fwdEngineeringStrategyName>Single Table</fwdEngineeringStrategyName>
<growthPercent>0</growthPercent>
<growthType>Year</growthType>
<maxVolumes>9999999</maxVolumes>
<minVolumes>0</minVolumes>
<normalForm>Third</normalForm>
<attributes itemClass="oracle.dbtools.crest.model.design.logical.Attribute">
<Attribute name="ID_Configuration" id="72B38B54-2EB9-80DF-E4A1-8A590C39410A">
<createdBy>Albert</createdBy>
<createdTime>2022-05-07 20:58:02 UTC</createdTime>
<ownerDesignName>NuevoModelo_Ampliado</ownerDesignName>
<engineerTo>
<item key="1343D15C-3B40-E491-45C3-5C8F631A17DE" value="true"/>
</engineerTo>
<useDomainConstraints>false</useDomainConstraints>
<use>1</use>
<logicalDatatype>LOGDT011</logicalDatatype>
<ownDataTypeParameters>,,</ownDataTypeParameters>
</Attribute>
<Attribute name="name_Configuration" id="AE10D882-BE6C-666C-2C7E-8E039AB88D18">
<createdBy>Albert</createdBy>
<createdTime>2022-05-07 18:13:51 UTC</createdTime>
<ownerDesignName>NuevoModelo_Ampliado</ownerDesignName>
<engineerTo>
<item key="1343D15C-3B40-E491-45C3-5C8F631A17DE" value="true"/>
</engineerTo>
<nullsAllowed>true</nullsAllowed>
<useDomainConstraints>false</useDomainConstraints>
<use>1</use>
<logicalDatatype>LOGDT024</logicalDatatype>
<dataTypeSize>30</dataTypeSize>
<ownDataTypeParameters>30,,</ownDataTypeParameters>
</Attribute>
<Attribute name="deuterium_Base_Enemy_Army" id="473D6FA8-2034-447E-BAB5-47FDC36570E1">
<createdBy>Albert</createdBy>
<createdTime>2022-05-07 18:15:42 UTC</createdTime>
<ownerDesignName>NuevoModelo_Ampliado</ownerDesignName>
<engineerTo>
<item key="1343D15C-3B40-E491-45C3-5C8F631A17DE" value="true"/>
</engineerTo>
<useDomainConstraints>false</useDomainConstraints>
<use>1</use>
<logicalDatatype>LOGDT019</logicalDatatype>
<ownDataTypeParameters>,,</ownDataTypeParameters>
</Attribute>
<Attribute name="metal_Base_Enemy_Army" id="C9917E0B-4BC6-92FD-5DFE-E2FEC48D63F5">
<createdBy>Albert</createdBy>
<createdTime>2022-05-07 18:15:47 UTC</createdTime>
<ownerDesignName>NuevoModelo_Ampliado</ownerDesignName>
<engineerTo>
<item key="1343D15C-3B40-E491-45C3-5C8F631A17DE" value="true"/>
</engineerTo>
<useDomainConstraints>false</useDomainConstraints>
<use>1</use>
<logicalDatatype>LOGDT019</logicalDatatype>
<ownDataTypeParameters>,,</ownDataTypeParameters>
</Attribute>
<Attribute name="enemy_Fleet_Increase" id="A59A38BB-E677-D91F-C119-AB50EB7C7D6E">
<createdBy>Albert</createdBy>
<createdTime>2022-05-07 18:15:47 UTC</createdTime>
<ownerDesignName>NuevoModelo_Ampliado</ownerDesignName>
<engineerTo>
<item key="1343D15C-3B40-E491-45C3-5C8F631A17DE" value="true"/>
</engineerTo>
<useDomainConstraints>false</useDomainConstraints>
<use>1</use>
<logicalDatatype>LOGDT019</logicalDatatype>
<ownDataTypeParameters>,,</ownDataTypeParameters>
</Attribute>
<Attribute name="planet_Deuterium_Generated" id="883F1A07-9392-D56B-95A9-26E5F1D9D62B">
<createdBy>Albert</createdBy>
<createdTime>2022-05-07 18:10:02 UTC</createdTime>
<ownerDesignName>NuevoModelo_Ampliado</ownerDesignName>
<engineerTo>
<item key="1343D15C-3B40-E491-45C3-5C8F631A17DE" value="true"/>
</engineerTo>
<useDomainConstraints>false</useDomainConstraints>
<use>1</use>
<logicalDatatype>LOGDT019</logicalDatatype>
<ownDataTypeParameters>,,</ownDataTypeParameters>
</Attribute>
<Attribute name="planet_Metal_Generated" id="F7A3D447-7B5B-ABB9-74E2-43F84A83EFD0">
<createdBy>Albert</createdBy>
<createdTime>2022-05-07 18:15:41 UTC</createdTime>
<ownerDesignName>NuevoModelo_Ampliado</ownerDesignName>
<engineerTo>
<item key="1343D15C-3B40-E491-45C3-5C8F631A17DE" value="true"/>
</engineerTo>
<useDomainConstraints>false</useDomainConstraints>
<use>1</use>
<logicalDatatype>LOGDT019</logicalDatatype>
<ownDataTypeParameters>,,</ownDataTypeParameters>
</Attribute>
<Attribute name="upgrade_Base_Defense_Technology_Deuterium_Cost" id="B58CE56E-DC14-899D-2FA7-978B8F1D2610">
<createdBy>Albert</createdBy>
<createdTime>2022-05-07 18:15:41 UTC</createdTime>
<ownerDesignName>NuevoModelo_Ampliado</ownerDesignName>
<engineerTo>
<item key="1343D15C-3B40-E491-45C3-5C8F631A17DE" value="true"/>
</engineerTo>
<useDomainConstraints>false</useDomainConstraints>
<use>1</use>
<logicalDatatype>LOGDT019</logicalDatatype>
<ownDataTypeParameters>,,</ownDataTypeParameters>
</Attribute>
<Attribute name="upgrade_Base_Attack_Technology_Deuterium_Cost" id="E8ACD539-E518-D274-4E2C-C717488C107C">
<createdBy>Albert</createdBy>
<createdTime>2022-05-07 18:15:42 UTC</createdTime>
<ownerDesignName>NuevoModelo_Ampliado</ownerDesignName>
<engineerTo>
<item key="1343D15C-3B40-E491-45C3-5C8F631A17DE" value="true"/>
</engineerTo>
<useDomainConstraints>false</useDomainConstraints>
<use>1</use>
<logicalDatatype>LOGDT019</logicalDatatype>
<ownDataTypeParameters>,,</ownDataTypeParameters>
</Attribute>
<Attribute name="upgrade_Plus_Defense_Technology_Deuterium_Cost" id="4DF9CCD7-9E03-824B-21E9-04CDFFAC2266">
<createdBy>Albert</createdBy>
<createdTime>2022-05-07 18:15:42 UTC</createdTime>
<ownerDesignName>NuevoModelo_Ampliado</ownerDesignName>
<engineerTo>
<item key="1343D15C-3B40-E491-45C3-5C8F631A17DE" value="true"/>
</engineerTo>
<useDomainConstraints>false</useDomainConstraints>
<use>1</use>
<logicalDatatype>LOGDT019</logicalDatatype>
<ownDataTypeParameters>,,</ownDataTypeParameters>
</Attribute>
<Attribute name="upgrade_Plus_Attack_Technology_Deuterium_Cost" id="03845062-1F71-4AFE-8C6A-BC754A6F6032">
<createdBy>Albert</createdBy>
<createdTime>2022-05-07 18:15:43 UTC</createdTime>
<ownerDesignName>NuevoModelo_Ampliado</ownerDesignName>
<engineerTo>
<item key="1343D15C-3B40-E491-45C3-5C8F631A17DE" value="true"/>
</engineerTo>
<useDomainConstraints>false</useDomainConstraints>
<use>1</use>
<logicalDatatype>LOGDT019</logicalDatatype>
<ownDataTypeParameters>,,</ownDataTypeParameters>
</Attribute>
<Attribute name="metal_Cost_LightHunter" id="2A040957-5421-382B-85C8-4EFFA89C6655">
<createdBy>Albert</createdBy>
<createdTime>2022-05-07 19:43:26 UTC</createdTime>
<ownerDesignName>NuevoModelo_Ampliado</ownerDesignName>
<engineerTo>
<item key="1343D15C-3B40-E491-45C3-5C8F631A17DE" value="true"/>
</engineerTo>
<useDomainConstraints>false</useDomainConstraints>
<use>1</use>
<logicalDatatype>LOGDT019</logicalDatatype>
<ownDataTypeParameters>,,</ownDataTypeParameters>
</Attribute>
<Attribute name="metal_Cost_HeavyHunter" id="818D4D71-B125-F0CC-F613-003A17B971C1">
<createdBy>Albert</createdBy>
<createdTime>2022-05-07 19:43:26 UTC</createdTime>
<ownerDesignName>NuevoModelo_Ampliado</ownerDesignName>
<engineerTo>
<item key="1343D15C-3B40-E491-45C3-5C8F631A17DE" value="true"/>
</engineerTo>
<useDomainConstraints>false</useDomainConstraints>
<use>1</use>
<logicalDatatype>LOGDT019</logicalDatatype>
<ownDataTypeParameters>,,</ownDataTypeParameters>
</Attribute>
<Attribute name="metal_Cost_BattleShip" id="C0055F07-F2FD-3607-6673-C77A26E78782">
<createdBy>Albert</createdBy>
<createdTime>2022-05-07 19:43:26 UTC</createdTime>
<ownerDesignName>NuevoModelo_Ampliado</ownerDesignName>
<engineerTo>
<item key="1343D15C-3B40-E491-45C3-5C8F631A17DE" value="true"/>
</engineerTo>
<useDomainConstraints>false</useDomainConstraints>
<use>1</use>
<logicalDatatype>LOGDT019</logicalDatatype>
<ownDataTypeParameters>,,</ownDataTypeParameters>
</Attribute>
<Attribute name="metal_Cost_ArmoredShip" id="2F24CDF3-7845-D00F-86C1-A487C9773A64">
<createdBy>Albert</createdBy>
<createdTime>2022-05-07 19:43:26 UTC</createdTime>
<ownerDesignName>NuevoModelo_Ampliado</ownerDesignName>
<engineerTo>
<item key="1343D15C-3B40-E491-45C3-5C8F631A17DE" value="true"/>
</engineerTo>
<useDomainConstraints>false</useDomainConstraints>
<use>1</use>
<logicalDatatype>LOGDT019</logicalDatatype>
<ownDataTypeParameters>,,</ownDataTypeParameters>
</Attribute>
<Attribute name="deuterium_Cost_LightHunter" id="9E7F8083-0825-668D-AB20-696C9A9FC4AB">
<createdBy>Albert</createdBy>
<createdTime>2022-05-07 19:43:26 UTC</createdTime>
<ownerDesignName>NuevoModelo_Ampliado</ownerDesignName>
<engineerTo>
<item key="1343D15C-3B40-E491-45C3-5C8F631A17DE" value="true"/>
</engineerTo>
<useDomainConstraints>false</useDomainConstraints>
<use>1</use>
<logicalDatatype>LOGDT019</logicalDatatype>
<ownDataTypeParameters>,,</ownDataTypeParameters>
</Attribute>
<Attribute name="deuterium_Cost_HeavyHunter" id="A319D6F5-3301-9051-1C61-80746A8395F4">
<createdBy>Albert</createdBy>
<createdTime>2022-05-07 19:43:26 UTC</createdTime>
<ownerDesignName>NuevoModelo_Ampliado</ownerDesignName>
<engineerTo>
<item key="1343D15C-3B40-E491-45C3-5C8F631A17DE" value="true"/>
</engineerTo>
<useDomainConstraints>false</useDomainConstraints>
<use>1</use>
<logicalDatatype>LOGDT019</logicalDatatype>
<ownDataTypeParameters>,,</ownDataTypeParameters>
</Attribute>
<Attribute name="deuterium_Cost_BattleShip" id="F109DAA8-7A71-9450-2891-7CB747AFBCA0">
<createdBy>Albert</createdBy>
<createdTime>2022-05-07 19:43:26 UTC</createdTime>
<ownerDesignName>NuevoModelo_Ampliado</ownerDesignName>
<engineerTo>
<item key="1343D15C-3B40-E491-45C3-5C8F631A17DE" value="true"/>
</engineerTo>
<useDomainConstraints>false</useDomainConstraints>
<use>1</use>
<logicalDatatype>LOGDT019</logicalDatatype>
<ownDataTypeParameters>,,</ownDataTypeParameters>
</Attribute>
<Attribute name="deuterium_Cost_ArmoredShip" id="6EFB9747-479E-D8C7-498A-9CA1AF0E6DFF">
<createdBy>Albert</createdBy>
<createdTime>2022-05-07 19:43:26 UTC</createdTime>
<ownerDesignName>NuevoModelo_Ampliado</ownerDesignName>
<engineerTo>
<item key="1343D15C-3B40-E491-45C3-5C8F631A17DE" value="true"/>
</engineerTo>
<useDomainConstraints>false</useDomainConstraints>
<use>1</use>
<logicalDatatype>LOGDT019</logicalDatatype>
<ownDataTypeParameters>,,</ownDataTypeParameters>
</Attribute>
<Attribute name="deuterium_Cost_MissileLauncher" id="E1328ECE-D5EE-5EDD-2852-7159F5798884">
<createdBy>Albert</createdBy>
<createdTime>2022-05-07 19:43:26 UTC</createdTime>
<ownerDesignName>NuevoModelo_Ampliado</ownerDesignName>
<engineerTo>
<item key="1343D15C-3B40-E491-45C3-5C8F631A17DE" value="true"/>
</engineerTo>
<useDomainConstraints>false</useDomainConstraints>
<use>1</use>
<logicalDatatype>LOGDT019</logicalDatatype>
<ownDataTypeParameters>,,</ownDataTypeParameters>
</Attribute>
<Attribute name="deuterium_Cost_IonCannon" id="205E3461-39D8-DFC1-4D32-FDD39DCF2D34">
<createdBy>Albert</createdBy>
<createdTime>2022-05-07 19:43:26 UTC</createdTime>
<ownerDesignName>NuevoModelo_Ampliado</ownerDesignName>
<engineerTo>
<item key="1343D15C-3B40-E491-45C3-5C8F631A17DE" value="true"/>
</engineerTo>
<useDomainConstraints>false</useDomainConstraints>
<use>1</use>
<logicalDatatype>LOGDT019</logicalDatatype>
<ownDataTypeParameters>,,</ownDataTypeParameters>
</Attribute>
<Attribute name="deuterium_Cost_PlasmaCannon" id="218FD9E0-4522-F5E2-AF64-60615AAA0EA5">
<createdBy>Albert</createdBy>
<createdTime>2022-05-07 19:43:26 UTC</createdTime>
<ownerDesignName>NuevoModelo_Ampliado</ownerDesignName>
<engineerTo>
<item key="1343D15C-3B40-E491-45C3-5C8F631A17DE" value="true"/>
</engineerTo>
<useDomainConstraints>false</useDomainConstraints>
<use>1</use>
<logicalDatatype>LOGDT019</logicalDatatype>
<ownDataTypeParameters>,,</ownDataTypeParameters>
</Attribute>
<Attribute name="metal_Cost_MissileLauncher" id="76D98DFD-1C41-80CE-71BD-790B2C3FD078">
<createdBy>Albert</createdBy>
<createdTime>2022-05-07 19:43:26 UTC</createdTime>
<ownerDesignName>NuevoModelo_Ampliado</ownerDesignName>
<engineerTo>
<item key="1343D15C-3B40-E491-45C3-5C8F631A17DE" value="true"/>
</engineerTo>
<useDomainConstraints>false</useDomainConstraints>
<use>1</use>
<logicalDatatype>LOGDT019</logicalDatatype>
<ownDataTypeParameters>,,</ownDataTypeParameters>
</Attribute>
<Attribute name="metal_Cost_IonCannon" id="8E3EEB4D-47CF-6878-0A68-F572C166A747">
<createdBy>Albert</createdBy>
<createdTime>2022-05-07 19:43:26 UTC</createdTime>
<ownerDesignName>NuevoModelo_Ampliado</ownerDesignName>
<engineerTo>
<item key="1343D15C-3B40-E491-45C3-5C8F631A17DE" value="true"/>
</engineerTo>
<useDomainConstraints>false</useDomainConstraints>
<use>1</use>
<logicalDatatype>LOGDT019</logicalDatatype>
<ownDataTypeParameters>,,</ownDataTypeParameters>
</Attribute>
<Attribute name="metal_Cost_PlasmaCannon" id="70180CEA-AE45-0908-494D-4F55F37E9156">
<createdBy>Albert</createdBy>
<createdTime>2022-05-07 19:43:26 UTC</createdTime>
<ownerDesignName>NuevoModelo_Ampliado</ownerDesignName>
<engineerTo>
<item key="1343D15C-3B40-E491-45C3-5C8F631A17DE" value="true"/>
</engineerTo>
<useDomainConstraints>false</useDomainConstraints>
<use>1</use>
<logicalDatatype>LOGDT019</logicalDatatype>
<ownDataTypeParameters>,,</ownDataTypeParameters>
</Attribute>
<Attribute name="base_Damage_LightHunter" id="1F36ECBA-8840-299F-8201-2EFF6DB8E20F">
<createdBy>Albert</createdBy>
<createdTime>2022-05-07 19:44:39 UTC</createdTime>
<ownerDesignName>NuevoModelo_Ampliado</ownerDesignName>
<engineerTo>
<item key="1343D15C-3B40-E491-45C3-5C8F631A17DE" value="true"/>
</engineerTo>
<useDomainConstraints>false</useDomainConstraints>
<use>1</use>
<logicalDatatype>LOGDT019</logicalDatatype>
<ownDataTypeParameters>,,</ownDataTypeParameters>
</Attribute>
<Attribute name="base_Damage_HeavyHunter" id="BDA225DD-DBF4-DDC1-80EF-37F65C231F82">
<createdBy>Albert</createdBy>
<createdTime>2022-05-07 19:44:39 UTC</createdTime>
<ownerDesignName>NuevoModelo_Ampliado</ownerDesignName>
<engineerTo>
<item key="1343D15C-3B40-E491-45C3-5C8F631A17DE" value="true"/>
</engineerTo>
<useDomainConstraints>false</useDomainConstraints>
<use>1</use>
<logicalDatatype>LOGDT019</logicalDatatype>
<ownDataTypeParameters>,,</ownDataTypeParameters>
</Attribute>
<Attribute name="base_Damage_BattleShip" id="41B390C7-F6EC-1A57-71EC-75654B5E3A74">
<createdBy>Albert</createdBy>
<createdTime>2022-05-07 19:44:39 UTC</createdTime>
<ownerDesignName>NuevoModelo_Ampliado</ownerDesignName>
<engineerTo>
<item key="1343D15C-3B40-E491-45C3-5C8F631A17DE" value="true"/>
</engineerTo>
<useDomainConstraints>false</useDomainConstraints>
<use>1</use>
<logicalDatatype>LOGDT019</logicalDatatype>
<ownDataTypeParameters>,,</ownDataTypeParameters>
</Attribute>
<Attribute name="base_Damage_ArmoredShip" id="F38F90B4-BFC2-3E8D-F1A0-6BA90F3ED25C">
<createdBy>Albert</createdBy>
<createdTime>2022-05-07 19:44:39 UTC</createdTime>
<ownerDesignName>NuevoModelo_Ampliado</ownerDesignName>
<engineerTo>
<item key="1343D15C-3B40-E491-45C3-5C8F631A17DE" value="true"/>
</engineerTo>
<useDomainConstraints>false</useDomainConstraints>
<use>1</use>
<logicalDatatype>LOGDT019</logicalDatatype>
<ownDataTypeParameters>,,</ownDataTypeParameters>
</Attribute>
<Attribute name="base_Damage_MissileLauncher" id="33310446-54AD-D7B8-3E6B-F9917C7073AE">
<createdBy>Albert</createdBy>
<createdTime>2022-05-07 19:44:39 UTC</createdTime>
<ownerDesignName>NuevoModelo_Ampliado</ownerDesignName>
<engineerTo>
<item key="1343D15C-3B40-E491-45C3-5C8F631A17DE" value="true"/>
</engineerTo>
<useDomainConstraints>false</useDomainConstraints>
<use>1</use>
<logicalDatatype>LOGDT019</logicalDatatype>
<ownDataTypeParameters>,,</ownDataTypeParameters>
</Attribute>
<Attribute name="base_Damage_IonCannon" id="BA53E0C0-B52C-0161-9032-003383CAAE97">
<createdBy>Albert</createdBy>
<createdTime>2022-05-07 19:44:39 UTC</createdTime>
<ownerDesignName>NuevoModelo_Ampliado</ownerDesignName>
<engineerTo>
<item key="1343D15C-3B40-E491-45C3-5C8F631A17DE" value="true"/>
</engineerTo>
<useDomainConstraints>false</useDomainConstraints>
<use>1</use>
<logicalDatatype>LOGDT019</logicalDatatype>
<ownDataTypeParameters>,,</ownDataTypeParameters>
</Attribute>
<Attribute name="base_Damage_PlasmaCannon" id="407C71AF-672F-8D3A-79FF-3B57173E4272">
<createdBy>Albert</createdBy>
<createdTime>2022-05-07 19:44:39 UTC</createdTime>
<ownerDesignName>NuevoModelo_Ampliado</ownerDesignName>
<engineerTo>
<item key="1343D15C-3B40-E491-45C3-5C8F631A17DE" value="true"/>
</engineerTo>
<useDomainConstraints>false</useDomainConstraints>
<use>1</use>
<logicalDatatype>LOGDT019</logicalDatatype>
<ownDataTypeParameters>,,</ownDataTypeParameters>
</Attribute>
<Attribute name="reduction_DefenseIonCannon" id="D1C45095-89E5-4460-6468-70D6EDE63C94">
<createdBy>Albert</createdBy>
<createdTime>2022-05-07 19:44:39 UTC</createdTime>
<ownerDesignName>NuevoModelo_Ampliado</ownerDesignName>
<engineerTo>
<item key="1343D15C-3B40-E491-45C3-5C8F631A17DE" value="true"/>
</engineerTo>
<useDomainConstraints>false</useDomainConstraints>
<use>1</use>
<logicalDatatype>LOGDT019</logicalDatatype>
<ownDataTypeParameters>,,</ownDataTypeParameters>
</Attribute>
<Attribute name="armor_LightHunter" id="5A39F5B9-515C-F7A3-EB6B-FD33880F7EF9">
<createdBy>Albert</createdBy>
<createdTime>2022-05-07 19:45:01 UTC</createdTime>
<ownerDesignName>NuevoModelo_Ampliado</ownerDesignName>
<engineerTo>
<item key="1343D15C-3B40-E491-45C3-5C8F631A17DE" value="true"/>
</engineerTo>
<useDomainConstraints>false</useDomainConstraints>
<use>1</use>
<logicalDatatype>LOGDT019</logicalDatatype>
<ownDataTypeParameters>,,</ownDataTypeParameters>
</Attribute>
<Attribute name="armor_HeavyHunter" id="B9C4A76E-0314-A169-D9CE-7E78DEE60D84">
<createdBy>Albert</createdBy>
<createdTime>2022-05-07 19:45:01 UTC</createdTime>
<ownerDesignName>NuevoModelo_Ampliado</ownerDesignName>
<engineerTo>
<item key="1343D15C-3B40-E491-45C3-5C8F631A17DE" value="true"/>
</engineerTo>
<useDomainConstraints>false</useDomainConstraints>
<use>1</use>
<logicalDatatype>LOGDT019</logicalDatatype>
<ownDataTypeParameters>,,</ownDataTypeParameters>
</Attribute>
<Attribute name="armor_BattleShip" id="E1877476-6EE0-91BF-3636-9DE442B1CA79">
<createdBy>Albert</createdBy>
<createdTime>2022-05-07 19:45:01 UTC</createdTime>
<ownerDesignName>NuevoModelo_Ampliado</ownerDesignName>
<engineerTo>
<item key="1343D15C-3B40-E491-45C3-5C8F631A17DE" value="true"/>
</engineerTo>
<useDomainConstraints>false</useDomainConstraints>
<use>1</use>
<logicalDatatype>LOGDT019</logicalDatatype>
<ownDataTypeParameters>,,</ownDataTypeParameters>
</Attribute>
<Attribute name="armor_ArmoredShip" id="60A1CA7A-9AE5-96C7-4606-A1E4840E6922">
<createdBy>Albert</createdBy>
<createdTime>2022-05-07 19:45:01 UTC</createdTime>
<ownerDesignName>NuevoModelo_Ampliado</ownerDesignName>
<engineerTo>
<item key="1343D15C-3B40-E491-45C3-5C8F631A17DE" value="true"/>
</engineerTo>
<useDomainConstraints>false</useDomainConstraints>
<use>1</use>
<logicalDatatype>LOGDT019</logicalDatatype>
<ownDataTypeParameters>,,</ownDataTypeParameters>
</Attribute>
<Attribute name="armor_MissileLauncher" id="EB296F5E-5D74-6352-A83B-53EB92524A73">
<createdBy>Albert</createdBy>
<createdTime>2022-05-07 19:45:01 UTC</createdTime>
<ownerDesignName>NuevoModelo_Ampliado</ownerDesignName>
<engineerTo>
<item key="1343D15C-3B40-E491-45C3-5C8F631A17DE" value="true"/>
</engineerTo>
<useDomainConstraints>false</useDomainConstraints>
<use>1</use>
<logicalDatatype>LOGDT019</logicalDatatype>
<ownDataTypeParameters>,,</ownDataTypeParameters>
</Attribute>
<Attribute name="armor_IonCannon" id="37AFD6EB-6543-0640-EE2A-18C607330F19">
<createdBy>Albert</createdBy>
<createdTime>2022-05-07 19:45:01 UTC</createdTime>
<ownerDesignName>NuevoModelo_Ampliado</ownerDesignName>
<engineerTo>
<item key="1343D15C-3B40-E491-45C3-5C8F631A17DE" value="true"/>
</engineerTo>
<useDomainConstraints>false</useDomainConstraints>
<use>1</use>
<logicalDatatype>LOGDT019</logicalDatatype>
<ownDataTypeParameters>,,</ownDataTypeParameters>
</Attribute>
<Attribute name="armor_PlasmaCannon" id="17F6DC2E-49D1-4E5F-973D-DD0311F1E8A2">
<createdBy>Albert</createdBy>
<createdTime>2022-05-07 19:45:01 UTC</createdTime>
<ownerDesignName>NuevoModelo_Ampliado</ownerDesignName>
<engineerTo>
<item key="1343D15C-3B40-E491-45C3-5C8F631A17DE" value="true"/>
</engineerTo>
<useDomainConstraints>false</useDomainConstraints>
<use>1</use>
<logicalDatatype>LOGDT019</logicalDatatype>
<ownDataTypeParameters>,,</ownDataTypeParameters>
</Attribute>
<Attribute name="plus_Armor_LightHunter_By_Technology" id="3BDDA838-D633-9F7F-2061-2614FAFBC257">
<createdBy>Albert</createdBy>
<createdTime>2022-05-07 19:45:24 UTC</createdTime>
<ownerDesignName>NuevoModelo_Ampliado</ownerDesignName>
<engineerTo>
<item key="1343D15C-3B40-E491-45C3-5C8F631A17DE" value="true"/>
</engineerTo>
<useDomainConstraints>false</useDomainConstraints>
<use>1</use>
<logicalDatatype>LOGDT019</logicalDatatype>
<ownDataTypeParameters>,,</ownDataTypeParameters>
</Attribute>
<Attribute name="plus_Armor_HeavyHunter_By_Technology" id="BC4DB5FD-B762-4936-014F-EA7769A2CDE1">
<createdBy>Albert</createdBy>
<createdTime>2022-05-07 19:45:24 UTC</createdTime>
<ownerDesignName>NuevoModelo_Ampliado</ownerDesignName>
<engineerTo>
<item key="1343D15C-3B40-E491-45C3-5C8F631A17DE" value="true"/>
</engineerTo>
<useDomainConstraints>false</useDomainConstraints>
<use>1</use>
<logicalDatatype>LOGDT019</logicalDatatype>
<ownDataTypeParameters>,,</ownDataTypeParameters>
</Attribute>
<Attribute name="plus_Armor_BattleShip_By_Technology" id="5837AE3B-D83D-55F9-D9EF-E2E97EB6E171">
<createdBy>Albert</createdBy>
<createdTime>2022-05-07 19:45:24 UTC</createdTime>
<ownerDesignName>NuevoModelo_Ampliado</ownerDesignName>
<engineerTo>
<item key="1343D15C-3B40-E491-45C3-5C8F631A17DE" value="true"/>
</engineerTo>
<useDomainConstraints>false</useDomainConstraints>
<use>1</use>
<logicalDatatype>LOGDT019</logicalDatatype>
<ownDataTypeParameters>,,</ownDataTypeParameters>
</Attribute>
<Attribute name="plus_Armor_ArmoredShip_By_Technology" id="0D2AA006-56C7-065D-EB36-1D5399DA5F2E">
<createdBy>Albert</createdBy>
<createdTime>2022-05-07 19:45:24 UTC</createdTime>
<ownerDesignName>NuevoModelo_Ampliado</ownerDesignName>
<engineerTo>
<item key="1343D15C-3B40-E491-45C3-5C8F631A17DE" value="true"/>
</engineerTo>
<useDomainConstraints>false</useDomainConstraints>
<use>1</use>
<logicalDatatype>LOGDT019</logicalDatatype>
<ownDataTypeParameters>,,</ownDataTypeParameters>
</Attribute>
<Attribute name="plus_Armor_MissileLauncher_By_Technology" id="E6ED6F8F-6B59-C8C2-E478-A0D7EA434074">
<createdBy>Albert</createdBy>
<createdTime>2022-05-07 19:45:24 UTC</createdTime>
<ownerDesignName>NuevoModelo_Ampliado</ownerDesignName>
<engineerTo>
<item key="1343D15C-3B40-E491-45C3-5C8F631A17DE" value="true"/>
</engineerTo>
<useDomainConstraints>false</useDomainConstraints>
<use>1</use>
<logicalDatatype>LOGDT019</logicalDatatype>
<ownDataTypeParameters>,,</ownDataTypeParameters>
</Attribute>
<Attribute name="plus_Armor_IonCannon_By_Technology" id="DDCABC56-77D2-88EB-3A06-3A15A06D89F7">
<createdBy>Albert</createdBy>
<createdTime>2022-05-07 19:45:24 UTC</createdTime>
<ownerDesignName>NuevoModelo_Ampliado</ownerDesignName>
<engineerTo>
<item key="1343D15C-3B40-E491-45C3-5C8F631A17DE" value="true"/>
</engineerTo>
<useDomainConstraints>false</useDomainConstraints>
<use>1</use>
<logicalDatatype>LOGDT019</logicalDatatype>
<ownDataTypeParameters>,,</ownDataTypeParameters>
</Attribute>
<Attribute name="plus_Armor_PlasmaCannon_By_Technology" id="FF4A2407-5971-22DF-2E31-E11DF9BADCDB">
<createdBy>Albert</createdBy>
<createdTime>2022-05-07 19:45:24 UTC</createdTime>
<ownerDesignName>NuevoModelo_Ampliado</ownerDesignName>
<engineerTo>
<item key="1343D15C-3B40-E491-45C3-5C8F631A17DE" value="true"/>
</engineerTo>
<useDomainConstraints>false</useDomainConstraints>
<use>1</use>
<logicalDatatype>LOGDT019</logicalDatatype>
<ownDataTypeParameters>,,</ownDataTypeParameters>
</Attribute>
<Attribute name="plus_Attack_LightHunter_By_Technology" id="19B0C3C0-D4FA-D918-732D-A019B961F24B">
<createdBy>Albert</createdBy>
<createdTime>2022-05-07 19:45:24 UTC</createdTime>
<ownerDesignName>NuevoModelo_Ampliado</ownerDesignName>
<engineerTo>
<item key="1343D15C-3B40-E491-45C3-5C8F631A17DE" value="true"/>
</engineerTo>
<useDomainConstraints>false</useDomainConstraints>
<use>1</use>
<logicalDatatype>LOGDT019</logicalDatatype>
<ownDataTypeParameters>,,</ownDataTypeParameters>
</Attribute>
<Attribute name="plus_Attack_HeavyHunterHunter_By_Technology" id="35CE4418-0974-B836-7C00-E37616D4482D">
<createdBy>Albert</createdBy>
<createdTime>2022-05-07 19:45:24 UTC</createdTime>
<ownerDesignName>NuevoModelo_Ampliado</ownerDesignName>
<engineerTo>
<item key="1343D15C-3B40-E491-45C3-5C8F631A17DE" value="true"/>
</engineerTo>
<useDomainConstraints>false</useDomainConstraints>
<use>1</use>
<logicalDatatype>LOGDT019</logicalDatatype>
<ownDataTypeParameters>,,</ownDataTypeParameters>
</Attribute>
<Attribute name="plus_Attack_BattleShip_By_Technology" id="9704E418-FA5D-A248-30DC-AAD90944F0D2">
<createdBy>Albert</createdBy>
<createdTime>2022-05-07 19:45:24 UTC</createdTime>
<ownerDesignName>NuevoModelo_Ampliado</ownerDesignName>
<engineerTo>
<item key="1343D15C-3B40-E491-45C3-5C8F631A17DE" value="true"/>
</engineerTo>
<useDomainConstraints>false</useDomainConstraints>
<use>1</use>
<logicalDatatype>LOGDT019</logicalDatatype>
<ownDataTypeParameters>,,</ownDataTypeParameters>
</Attribute>
<Attribute name="plus_Attack_ArmoredShip_By_Technology" id="051ACAF2-4C88-B049-8BAF-E78AFCDB8157">
<createdBy>Albert</createdBy>
<createdTime>2022-05-07 19:45:24 UTC</createdTime>
<ownerDesignName>NuevoModelo_Ampliado</ownerDesignName>
<engineerTo>
<item key="1343D15C-3B40-E491-45C3-5C8F631A17DE" value="true"/>
</engineerTo>
<useDomainConstraints>false</useDomainConstraints>
<use>1</use>
<logicalDatatype>LOGDT019</logicalDatatype>
<ownDataTypeParameters>,,</ownDataTypeParameters>
</Attribute>
<Attribute name="plus_Attack_MissileLauncher_By_Technology" id="70637E3E-7C99-22DA-D5F3-584987538DA6">
<createdBy>Albert</createdBy>
<createdTime>2022-05-07 19:45:24 UTC</createdTime>
<ownerDesignName>NuevoModelo_Ampliado</ownerDesignName>
<engineerTo>
<item key="1343D15C-3B40-E491-45C3-5C8F631A17DE" value="true"/>
</engineerTo>
<useDomainConstraints>false</useDomainConstraints>
<use>1</use>
<logicalDatatype>LOGDT019</logicalDatatype>
<ownDataTypeParameters>,,</ownDataTypeParameters>
</Attribute>
<Attribute name="plus_Attack_IonCannon_By_Technology" id="ED5C16E9-4842-9AB0-50B0-72FDD067D17B">
<createdBy>Albert</createdBy>
<createdTime>2022-05-07 19:45:24 UTC</createdTime>
<ownerDesignName>NuevoModelo_Ampliado</ownerDesignName>
<engineerTo>
<item key="1343D15C-3B40-E491-45C3-5C8F631A17DE" value="true"/>
</engineerTo>
<useDomainConstraints>false</useDomainConstraints>
<use>1</use>
<logicalDatatype>LOGDT019</logicalDatatype>
<ownDataTypeParameters>,,</ownDataTypeParameters>
</Attribute>
<Attribute name="plus_Attack_PlasmaCannon_By_Technology" id="66D8864F-3340-D035-6F81-96734735465E">
<createdBy>Albert</createdBy>
<createdTime>2022-05-07 19:45:24 UTC</createdTime>
<ownerDesignName>NuevoModelo_Ampliado</ownerDesignName>
<engineerTo>
<item key="1343D15C-3B40-E491-45C3-5C8F631A17DE" value="true"/>
</engineerTo>
<useDomainConstraints>false</useDomainConstraints>
<use>1</use>
<logicalDatatype>LOGDT019</logicalDatatype>
<ownDataTypeParameters>,,</ownDataTypeParameters>
</Attribute>
<Attribute name="chance_Generating_Waste_LightHunter" id="8D4AF39F-7CC5-98E0-1667-65C83D429591">
<createdBy>Albert</createdBy>
<createdTime>2022-05-07 19:45:46 UTC</createdTime>
<ownerDesignName>NuevoModelo_Ampliado</ownerDesignName>
<engineerTo>
<item key="1343D15C-3B40-E491-45C3-5C8F631A17DE" value="true"/>
</engineerTo>
<useDomainConstraints>false</useDomainConstraints>
<use>1</use>
<logicalDatatype>LOGDT019</logicalDatatype>
<ownDataTypeParameters>,,</ownDataTypeParameters>
</Attribute>
<Attribute name="chance_Generating_Waste_HeavyHunter" id="2624FE1A-544D-8C6C-396A-8C4942CEC8C4">
<createdBy>Albert</createdBy>
<createdTime>2022-05-07 19:45:46 UTC</createdTime>
<ownerDesignName>NuevoModelo_Ampliado</ownerDesignName>
<engineerTo>
<item key="1343D15C-3B40-E491-45C3-5C8F631A17DE" value="true"/>
</engineerTo>
<useDomainConstraints>false</useDomainConstraints>
<use>1</use>
<logicalDatatype>LOGDT019</logicalDatatype>
<ownDataTypeParameters>,,</ownDataTypeParameters>
</Attribute>
<Attribute name="chance_Generating_Waste_BattleShip" id="217D50D6-2885-901D-D14D-FEAA6EC9C374">
<createdBy>Albert</createdBy>
<createdTime>2022-05-07 19:45:46 UTC</createdTime>
<ownerDesignName>NuevoModelo_Ampliado</ownerDesignName>
<engineerTo>
<item key="1343D15C-3B40-E491-45C3-5C8F631A17DE" value="true"/>
</engineerTo>
<useDomainConstraints>false</useDomainConstraints>
<use>1</use>
<logicalDatatype>LOGDT019</logicalDatatype>
<ownDataTypeParameters>,,</ownDataTypeParameters>
</Attribute>
<Attribute name="chance_Generating_Waste_ArmoredShip" id="9ABD6423-8E27-C7D6-98BA-9E9F51AE3F4E">
<createdBy>Albert</createdBy>
<createdTime>2022-05-07 19:45:46 UTC</createdTime>
<ownerDesignName>NuevoModelo_Ampliado</ownerDesignName>
<engineerTo>
<item key="1343D15C-3B40-E491-45C3-5C8F631A17DE" value="true"/>
</engineerTo>
<useDomainConstraints>false</useDomainConstraints>
<use>1</use>
<logicalDatatype>LOGDT019</logicalDatatype>
<ownDataTypeParameters>,,</ownDataTypeParameters>
</Attribute>
<Attribute name="chance_Generating_Waste_MissileLauncher" id="449C5379-F104-2CD7-39F8-0C304F8640CC">
<createdBy>Albert</createdBy>
<createdTime>2022-05-07 19:45:46 UTC</createdTime>
<ownerDesignName>NuevoModelo_Ampliado</ownerDesignName>
<engineerTo>
<item key="1343D15C-3B40-E491-45C3-5C8F631A17DE" value="true"/>
</engineerTo>
<useDomainConstraints>false</useDomainConstraints>
<use>1</use>
<logicalDatatype>LOGDT019</logicalDatatype>
<ownDataTypeParameters>,,</ownDataTypeParameters>
</Attribute>
<Attribute name="chance_Generating_Waste_IonCannon" id="DC6B3466-1FCE-F8F6-9F5D-5295B2463297">
<createdBy>Albert</createdBy>
<createdTime>2022-05-07 19:45:46 UTC</createdTime>
<ownerDesignName>NuevoModelo_Ampliado</ownerDesignName>
<engineerTo>
<item key="1343D15C-3B40-E491-45C3-5C8F631A17DE" value="true"/>
</engineerTo>
<useDomainConstraints>false</useDomainConstraints>
<use>1</use>
<logicalDatatype>LOGDT019</logicalDatatype>
<ownDataTypeParameters>,,</ownDataTypeParameters>
</Attribute>
<Attribute name="chance_Generating_Waste_PlasmaCannon" id="A5001F5D-DAF8-19B6-3DED-A775FDAC65D0">
<createdBy>Albert</createdBy>
<createdTime>2022-05-07 19:45:46 UTC</createdTime>
<ownerDesignName>NuevoModelo_Ampliado</ownerDesignName>
<engineerTo>
<item key="1343D15C-3B40-E491-45C3-5C8F631A17DE" value="true"/>
</engineerTo>
<useDomainConstraints>false</useDomainConstraints>
<use>1</use>
<logicalDatatype>LOGDT019</logicalDatatype>
<ownDataTypeParameters>,,</ownDataTypeParameters>
</Attribute>
<Attribute name="chance_Attack_Again_LightHunter" id="754BEE48-957F-94B8-69FE-2A66E47A5524">
<createdBy>Albert</createdBy>
<createdTime>2022-05-07 19:45:46 UTC</createdTime>
<ownerDesignName>NuevoModelo_Ampliado</ownerDesignName>
<engineerTo>
<item key="1343D15C-3B40-E491-45C3-5C8F631A17DE" value="true"/>
</engineerTo>
<useDomainConstraints>false</useDomainConstraints>
<use>1</use>
<logicalDatatype>LOGDT019</logicalDatatype>
<ownDataTypeParameters>,,</ownDataTypeParameters>
</Attribute>
<Attribute name="chance_Attack_Again_HeavyHunter" id="802580DF-612F-6477-AD76-1EE33C99C56C">
<createdBy>Albert</createdBy>
<createdTime>2022-05-07 19:45:46 UTC</createdTime>
<ownerDesignName>NuevoModelo_Ampliado</ownerDesignName>
<engineerTo>
<item key="1343D15C-3B40-E491-45C3-5C8F631A17DE" value="true"/>
</engineerTo>
<useDomainConstraints>false</useDomainConstraints>
<use>1</use>
<logicalDatatype>LOGDT019</logicalDatatype>
<ownDataTypeParameters>,,</ownDataTypeParameters>
</Attribute>
<Attribute name="chance_Attack_Again_Battleship" id="981910B4-C076-B3F8-A148-7839F2E8575E">
<createdBy>Albert</createdBy>
<createdTime>2022-05-07 19:45:46 UTC</createdTime>
<ownerDesignName>NuevoModelo_Ampliado</ownerDesignName>
<engineerTo>
<item key="1343D15C-3B40-E491-45C3-5C8F631A17DE" value="true"/>
</engineerTo>
<useDomainConstraints>false</useDomainConstraints>
<use>1</use>
<logicalDatatype>LOGDT019</logicalDatatype>
<ownDataTypeParameters>,,</ownDataTypeParameters>
</Attribute>
<Attribute name="chance_Attack_Again_ArmoredShip" id="6B528889-C1B8-ED94-8B06-E2F25374AFEC">
<createdBy>Albert</createdBy>
<createdTime>2022-05-07 19:45:46 UTC</createdTime>
<ownerDesignName>NuevoModelo_Ampliado</ownerDesignName>
<engineerTo>
<item key="1343D15C-3B40-E491-45C3-5C8F631A17DE" value="true"/>
</engineerTo>
<useDomainConstraints>false</useDomainConstraints>
<use>1</use>
<logicalDatatype>LOGDT019</logicalDatatype>
<ownDataTypeParameters>,,</ownDataTypeParameters>
</Attribute>
<Attribute name="chance_Attack_Again_MissileLauncher" id="45786FDA-4A68-E733-1388-249C207AAF35">
<createdBy>Albert</createdBy>
<createdTime>2022-05-07 19:45:46 UTC</createdTime>
<ownerDesignName>NuevoModelo_Ampliado</ownerDesignName>
<engineerTo>
<item key="1343D15C-3B40-E491-45C3-5C8F631A17DE" value="true"/>
</engineerTo>
<useDomainConstraints>false</useDomainConstraints>
<use>1</use>
<logicalDatatype>LOGDT019</logicalDatatype>
<ownDataTypeParameters>,,</ownDataTypeParameters>
</Attribute>
<Attribute name="chance_Attack_Again_IonCannon" id="356FE870-4B3A-5155-2169-1D9A38BA824A">
<createdBy>Albert</createdBy>
<createdTime>2022-05-07 19:45:46 UTC</createdTime>
<ownerDesignName>NuevoModelo_Ampliado</ownerDesignName>
<engineerTo>
<item key="1343D15C-3B40-E491-45C3-5C8F631A17DE" value="true"/>
</engineerTo>
<useDomainConstraints>false</useDomainConstraints>
<use>1</use>
<logicalDatatype>LOGDT019</logicalDatatype>
<ownDataTypeParameters>,,</ownDataTypeParameters>
</Attribute>
<Attribute name="chance_Attack_Again_PlasmaCannon" id="6FC19097-32D7-3F8B-67CA-7234220DBD52">
<createdBy>Albert</createdBy>
<createdTime>2022-05-07 19:45:46 UTC</createdTime>
<ownerDesignName>NuevoModelo_Ampliado</ownerDesignName>
<engineerTo>
<item key="1343D15C-3B40-E491-45C3-5C8F631A17DE" value="true"/>
</engineerTo>
<useDomainConstraints>false</useDomainConstraints>
<use>1</use>
<logicalDatatype>LOGDT019</logicalDatatype>
<ownDataTypeParameters>,,</ownDataTypeParameters>
</Attribute>
<Attribute name="percentage_Waste" id="50D3DAAB-B444-8AE3-A903-B711F7DBA020">
<createdBy>Albert</createdBy>
<createdTime>2022-05-07 19:28:36 UTC</createdTime>
<ownerDesignName>NuevoModelo_Ampliado</ownerDesignName>
<engineerTo>
<item key="1343D15C-3B40-E491-45C3-5C8F631A17DE" value="true"/>
</engineerTo>
<useDomainConstraints>false</useDomainConstraints>
<use>1</use>
<logicalDatatype>LOGDT019</logicalDatatype>
<ownDataTypeParameters>,,</ownDataTypeParameters>
</Attribute>
</attributes>
<identifiers itemClass="oracle.dbtools.crest.model.design.logical.CandidateKey">
<identifier id="38D54D7A-DBC7-6E15-EA87-114059C10348" name="ID_Configuration">
<createdBy>Albert</createdBy>
<createdTime>2022-05-07 18:12:27 UTC</createdTime>
<ownerDesignName>NuevoModelo_Ampliado</ownerDesignName>
<shouldEngineer>false</shouldEngineer>
<engineerTo>
<item key="1343D15C-3B40-E491-45C3-5C8F631A17DE" value="false"/>
</engineerTo>
<pk>true</pk>
<newElementsIDs>72B38B54-2EB9-80DF-E4A1-8A590C39410A</newElementsIDs>
<usedAttributes>
<attributeRef>72B38B54-2EB9-80DF-E4A1-8A590C39410A</attributeRef>
</usedAttributes>
</identifier>
<identifier id="3E1ECD9C-C7A0-357E-62BD-1798E61627D5" name="name_Configuration">
<createdBy>Albert</createdBy>
<createdTime>2022-05-07 19:35:18 UTC</createdTime>
<ownerDesignName>NuevoModelo_Ampliado</ownerDesignName>
<shouldEngineer>false</shouldEngineer>
<engineerTo>
<item key="1343D15C-3B40-E491-45C3-5C8F631A17DE" value="false"/>
</engineerTo>
<newElementsIDs>AE10D882-BE6C-666C-2C7E-8E039AB88D18</newElementsIDs>
<usedAttributes>
<attributeRef>AE10D882-BE6C-666C-2C7E-8E039AB88D18</attributeRef>
</usedAttributes>
</identifier>
</identifiers>
</Entity>
