<?xml version = '1.0' encoding = 'UTF-8'?>
<Entity class="oracle.dbtools.crest.model.design.logical.Entity" directorySegmentName="seg_0" id="49AF00DF-748C-0BE0-E96A-E2A6EA868992" name="BATALLA">
<createdBy>fraci</createdBy>
<createdTime>2022-05-05 07:02:01 UTC</createdTime>
<ownerDesignName>data_mod</ownerDesignName>
<engineerTo>
<item key="96AFF89A-C229-F43A-423B-E3361CBFC5EB" value="true"/>
</engineerTo>
<adequatelyNormalized>NO</adequatelyNormalized>
<expectedVolumes>0</expectedVolumes>
<fwdEngineeringStrategyName>Single Table</fwdEngineeringStrategyName>
<growthPercent>0</growthPercent>
<growthType>Year</growthType>
<maxVolumes>9999999</maxVolumes>
<minVolumes>0</minVolumes>
<normalForm>Third</normalForm>
<attributes itemClass="oracle.dbtools.crest.model.design.logical.Attribute">
<Attribute name="ID_Baattle" id="AFFC9D02-291C-AD99-8E50-4B7A46601A8E">
<createdBy>fraci</createdBy>
<createdTime>2022-05-05 07:02:33 UTC</createdTime>
<ownerDesignName>data_mod</ownerDesignName>
<engineerTo>
<item key="96AFF89A-C229-F43A-423B-E3361CBFC5EB" value="true"/>
</engineerTo>
<nullsAllowed>true</nullsAllowed>
<useDomainConstraints>false</useDomainConstraints>
<use>1</use>
<logicalDatatype>LOGDT019</logicalDatatype>
<ownDataTypeParameters>,,</ownDataTypeParameters>
</Attribute>
<Attribute name="ID_User" id="B638567D-3DF1-B604-124B-00F1E6E16761">
<createdBy>fraci</createdBy>
<createdTime>2022-05-05 07:02:54 UTC</createdTime>
<ownerDesignName>data_mod</ownerDesignName>
<engineerTo>
<item key="96AFF89A-C229-F43A-423B-E3361CBFC5EB" value="true"/>
</engineerTo>
<nullsAllowed>true</nullsAllowed>
<useDomainConstraints>false</useDomainConstraints>
<use>1</use>
<logicalDatatype>LOGDT019</logicalDatatype>
<ownDataTypeParameters>,,</ownDataTypeParameters>
</Attribute>
<Attribute name="unidadInicial_User" id="AD7A2065-AA7F-9875-8212-17A816A17B75">
<createdBy>fraci</createdBy>
<createdTime>2022-05-05 07:03:04 UTC</createdTime>
<ownerDesignName>data_mod</ownerDesignName>
<engineerTo>
<item key="96AFF89A-C229-F43A-423B-E3361CBFC5EB" value="true"/>
</engineerTo>
<nullsAllowed>true</nullsAllowed>
<useDomainConstraints>false</useDomainConstraints>
<use>1</use>
<logicalDatatype>LOGDT019</logicalDatatype>
<ownDataTypeParameters>,,</ownDataTypeParameters>
</Attribute>
<Attribute name="unidadFinal_User" id="39CBF3DF-9B7F-2BCB-76F7-3AEE9CE9F610">
<createdBy>fraci</createdBy>
<createdTime>2022-05-05 07:03:15 UTC</createdTime>
<ownerDesignName>data_mod</ownerDesignName>
<engineerTo>
<item key="96AFF89A-C229-F43A-423B-E3361CBFC5EB" value="true"/>
</engineerTo>
<nullsAllowed>true</nullsAllowed>
<useDomainConstraints>false</useDomainConstraints>
<use>1</use>
<logicalDatatype>LOGDT019</logicalDatatype>
<ownDataTypeParameters>,,</ownDataTypeParameters>
</Attribute>
<Attribute name="unidadInicial_Enemigo" id="4389B90C-0A7E-6F84-B79A-2545A4C7DA0B">
<createdBy>fraci</createdBy>
<createdTime>2022-05-05 07:28:21 UTC</createdTime>
<ownerDesignName>data_mod</ownerDesignName>
<engineerTo>
<item key="96AFF89A-C229-F43A-423B-E3361CBFC5EB" value="true"/>
</engineerTo>
<nullsAllowed>true</nullsAllowed>
<useDomainConstraints>false</useDomainConstraints>
<use>1</use>
<logicalDatatype>LOGDT019</logicalDatatype>
<ownDataTypeParameters>,,</ownDataTypeParameters>
</Attribute>
<Attribute name="unidadFinal_Enemigo" id="E1DA7B8A-A36A-BB0B-9F5F-71801F5E0B3C">
<createdBy>fraci</createdBy>
<createdTime>2022-05-05 07:28:33 UTC</createdTime>
<ownerDesignName>data_mod</ownerDesignName>
<engineerTo>
<item key="96AFF89A-C229-F43A-423B-E3361CBFC5EB" value="true"/>
</engineerTo>
<nullsAllowed>true</nullsAllowed>
<useDomainConstraints>false</useDomainConstraints>
<use>1</use>
<logicalDatatype>LOGDT019</logicalDatatype>
<ownDataTypeParameters>,,</ownDataTypeParameters>
</Attribute>
</attributes>
<identifiers itemClass="oracle.dbtools.crest.model.design.logical.CandidateKey">
<identifier id="6BE3C6A3-46C3-A113-91FC-8F06FECF6F55" name="Key_1">
<createdBy>fraci</createdBy>
<createdTime>2022-05-05 07:10:30 UTC</createdTime>
<ownerDesignName>data_mod</ownerDesignName>
<shouldEngineer>false</shouldEngineer>
<engineerTo>
<item key="96AFF89A-C229-F43A-423B-E3361CBFC5EB" value="false"/>
</engineerTo>
<pk>true</pk>
<newElementsIDs>AFFC9D02-291C-AD99-8E50-4B7A46601A8E,B638567D-3DF1-B604-124B-00F1E6E16761</newElementsIDs>
<usedAttributes>
<attributeRef>AFFC9D02-291C-AD99-8E50-4B7A46601A8E</attributeRef>
<attributeRef>B638567D-3DF1-B604-124B-00F1E6E16761</attributeRef>
</usedAttributes>
</identifier>
</identifiers>
</Entity>
