<?xml version = '1.0' encoding = 'UTF-8'?>
<Table class="oracle.dbtools.crest.model.design.relational.Table" directorySegmentName="seg_0" id="23B1FE16-CA98-6A43-7663-041887D1F7CD" name="Constants">
<createdBy>Albert</createdBy>
<createdTime>2022-05-07 19:39:29 UTC</createdTime>
<generatorID>10B59B35-E740-D93E-B1F0-7924055A4186</generatorID>
<ownerDesignName>NuevoModelo_Ampliado</ownerDesignName>
<allowColumnReorder>false</allowColumnReorder>
<existDependencyGenerateInDDl>true</existDependencyGenerateInDDl>
<parsed>true</parsed>
<columns itemClass="oracle.dbtools.crest.model.design.relational.Column">
<Column name="ID_Configuration" id="72EAF112-E3CD-0733-2576-9F603633EED6">
<createdBy>Albert</createdBy>
<createdTime>2022-05-07 19:39:29 UTC</createdTime>
<generatorID>412EECCF-465F-2DA9-7C34-2A336CCBABE1</generatorID>
<ownerDesignName>NuevoModelo_Ampliado</ownerDesignName>
<useDomainConstraints>false</useDomainConstraints>
<use>1</use>
<logicalDatatype>LOGDT011</logicalDatatype>
<ownDataTypeParameters>,,</ownDataTypeParameters>
<autoIncrementCycle>false</autoIncrementCycle>
</Column>
<Column name="name_Configuration" id="137254AE-CFD1-CC60-53FF-0751465F3B89">
<createdBy>Albert</createdBy>
<createdTime>2022-05-07 19:39:29 UTC</createdTime>
<generatorID>AE10D882-BE6C-666C-2C7E-8E039AB88D18</generatorID>
<ownerDesignName>NuevoModelo_Ampliado</ownerDesignName>
<nullsAllowed>true</nullsAllowed>
<useDomainConstraints>false</useDomainConstraints>
<use>1</use>
<logicalDatatype>LOGDT024</logicalDatatype>
<dataTypeSize>30</dataTypeSize>
<ownDataTypeParameters>30,,</ownDataTypeParameters>
<autoIncrementCycle>false</autoIncrementCycle>
</Column>
<Column name="deuterium_Base_Enemy_Army" id="139D3832-F61A-C41D-034C-F62AE631B0F5">
<createdBy>Albert</createdBy>
<createdTime>2022-05-07 19:39:29 UTC</createdTime>
<generatorID>473D6FA8-2034-447E-BAB5-47FDC36570E1</generatorID>
<ownerDesignName>NuevoModelo_Ampliado</ownerDesignName>
<useDomainConstraints>false</useDomainConstraints>
<use>1</use>
<logicalDatatype>LOGDT019</logicalDatatype>
<ownDataTypeParameters>,,</ownDataTypeParameters>
<autoIncrementCycle>false</autoIncrementCycle>
</Column>
<Column name="metal_Base_Enemy_Army" id="DF941E01-FEF7-6C2A-B691-11D9DE045163">
<createdBy>Albert</createdBy>
<createdTime>2022-05-07 19:39:29 UTC</createdTime>
<generatorID>C9917E0B-4BC6-92FD-5DFE-E2FEC48D63F5</generatorID>
<ownerDesignName>NuevoModelo_Ampliado</ownerDesignName>
<useDomainConstraints>false</useDomainConstraints>
<use>1</use>
<logicalDatatype>LOGDT019</logicalDatatype>
<ownDataTypeParameters>,,</ownDataTypeParameters>
<autoIncrementCycle>false</autoIncrementCycle>
</Column>
<Column name="enemy_Fleet_Increase" id="B139141F-3D4A-93F9-BB5B-D4F403C721F5">
<createdBy>Albert</createdBy>
<createdTime>2022-05-07 19:39:29 UTC</createdTime>
<generatorID>A59A38BB-E677-D91F-C119-AB50EB7C7D6E</generatorID>
<ownerDesignName>NuevoModelo_Ampliado</ownerDesignName>
<useDomainConstraints>false</useDomainConstraints>
<use>1</use>
<logicalDatatype>LOGDT019</logicalDatatype>
<ownDataTypeParameters>,,</ownDataTypeParameters>
<autoIncrementCycle>false</autoIncrementCycle>
</Column>
<Column name="planet_Deuterium_Generated" id="E4A2FB35-B78C-B844-4566-21374ACD1396">
<createdBy>Albert</createdBy>
<createdTime>2022-05-07 19:39:29 UTC</createdTime>
<generatorID>883F1A07-9392-D56B-95A9-26E5F1D9D62B</generatorID>
<ownerDesignName>NuevoModelo_Ampliado</ownerDesignName>
<useDomainConstraints>false</useDomainConstraints>
<use>1</use>
<logicalDatatype>LOGDT019</logicalDatatype>
<ownDataTypeParameters>,,</ownDataTypeParameters>
<autoIncrementCycle>false</autoIncrementCycle>
</Column>
<Column name="planet_Metal_Generated" id="FDB075C1-6545-8162-44F9-42287841E3FD">
<createdBy>Albert</createdBy>
<createdTime>2022-05-07 19:39:29 UTC</createdTime>
<generatorID>F7A3D447-7B5B-ABB9-74E2-43F84A83EFD0</generatorID>
<ownerDesignName>NuevoModelo_Ampliado</ownerDesignName>
<useDomainConstraints>false</useDomainConstraints>
<use>1</use>
<logicalDatatype>LOGDT019</logicalDatatype>
<ownDataTypeParameters>,,</ownDataTypeParameters>
<autoIncrementCycle>false</autoIncrementCycle>
</Column>
<Column name="upgrade_Base_Defense_Technology_Deuterium_Cost" id="8FF6EC16-F081-1496-AA74-3C30119F2FDF">
<createdBy>Albert</createdBy>
<createdTime>2022-05-07 19:39:29 UTC</createdTime>
<generatorID>B58CE56E-DC14-899D-2FA7-978B8F1D2610</generatorID>
<ownerDesignName>NuevoModelo_Ampliado</ownerDesignName>
<useDomainConstraints>false</useDomainConstraints>
<use>1</use>
<logicalDatatype>LOGDT019</logicalDatatype>
<ownDataTypeParameters>,,</ownDataTypeParameters>
<autoIncrementCycle>false</autoIncrementCycle>
</Column>
<Column name="upgrade_Base_Attack_Technology_Deuterium_Cost" id="EDB4E27C-DB84-4285-E868-040853B9D0D8">
<createdBy>Albert</createdBy>
<createdTime>2022-05-07 19:39:29 UTC</createdTime>
<generatorID>E8ACD539-E518-D274-4E2C-C717488C107C</generatorID>
<ownerDesignName>NuevoModelo_Ampliado</ownerDesignName>
<useDomainConstraints>false</useDomainConstraints>
<use>1</use>
<logicalDatatype>LOGDT019</logicalDatatype>
<ownDataTypeParameters>,,</ownDataTypeParameters>
<autoIncrementCycle>false</autoIncrementCycle>
</Column>
<Column name="upgrade_Plus_Defense_Technology_Deuterium_Cost" id="97AF6B9D-185D-3179-934F-CE1BEC9EFFC0">
<createdBy>Albert</createdBy>
<createdTime>2022-05-07 19:39:29 UTC</createdTime>
<generatorID>4DF9CCD7-9E03-824B-21E9-04CDFFAC2266</generatorID>
<ownerDesignName>NuevoModelo_Ampliado</ownerDesignName>
<useDomainConstraints>false</useDomainConstraints>
<use>1</use>
<logicalDatatype>LOGDT019</logicalDatatype>
<ownDataTypeParameters>,,</ownDataTypeParameters>
<autoIncrementCycle>false</autoIncrementCycle>
</Column>
<Column name="upgrade_Plus_Attack_Technology_Deuterium_Cost" id="B8C7B9CD-7CE3-C977-AC43-F9DFD9470E8D">
<createdBy>Albert</createdBy>
<createdTime>2022-05-07 19:39:29 UTC</createdTime>
<generatorID>03845062-1F71-4AFE-8C6A-BC754A6F6032</generatorID>
<ownerDesignName>NuevoModelo_Ampliado</ownerDesignName>
<useDomainConstraints>false</useDomainConstraints>
<use>1</use>
<logicalDatatype>LOGDT019</logicalDatatype>
<ownDataTypeParameters>,,</ownDataTypeParameters>
<autoIncrementCycle>false</autoIncrementCycle>
</Column>
<Column name="percentage_Waste" id="BF1AAC43-F415-D7C5-3694-4BC9E8901188">
<createdBy>Albert</createdBy>
<createdTime>2022-05-07 19:39:29 UTC</createdTime>
<generatorID>50D3DAAB-B444-8AE3-A903-B711F7DBA020</generatorID>
<ownerDesignName>NuevoModelo_Ampliado</ownerDesignName>
<useDomainConstraints>false</useDomainConstraints>
<use>1</use>
<logicalDatatype>LOGDT019</logicalDatatype>
<ownDataTypeParameters>,,</ownDataTypeParameters>
<autoIncrementCycle>false</autoIncrementCycle>
</Column>
<Column name="metal_Cost_LightHunter" id="42A0A0F1-57A3-8726-4547-C342F8832CC7">
<createdBy>Albert</createdBy>
<createdTime>2022-05-07 19:47:23 UTC</createdTime>
<generatorID>2A040957-5421-382B-85C8-4EFFA89C6655</generatorID>
<ownerDesignName>NuevoModelo_Ampliado</ownerDesignName>
<useDomainConstraints>false</useDomainConstraints>
<use>1</use>
<logicalDatatype>LOGDT019</logicalDatatype>
<ownDataTypeParameters>,,</ownDataTypeParameters>
<autoIncrementCycle>false</autoIncrementCycle>
</Column>
<Column name="metal_Cost_HeavyHunter" id="F434C6B3-0474-33D5-C214-F5A6D51297A1">
<createdBy>Albert</createdBy>
<createdTime>2022-05-07 19:47:23 UTC</createdTime>
<generatorID>818D4D71-B125-F0CC-F613-003A17B971C1</generatorID>
<ownerDesignName>NuevoModelo_Ampliado</ownerDesignName>
<useDomainConstraints>false</useDomainConstraints>
<use>1</use>
<logicalDatatype>LOGDT019</logicalDatatype>
<ownDataTypeParameters>,,</ownDataTypeParameters>
<autoIncrementCycle>false</autoIncrementCycle>
</Column>
<Column name="metal_Cost_BattleShip" id="DDAB6F6C-3CBA-7074-2B31-DA458FC819D4">
<createdBy>Albert</createdBy>
<createdTime>2022-05-07 19:47:23 UTC</createdTime>
<generatorID>C0055F07-F2FD-3607-6673-C77A26E78782</generatorID>
<ownerDesignName>NuevoModelo_Ampliado</ownerDesignName>
<useDomainConstraints>false</useDomainConstraints>
<use>1</use>
<logicalDatatype>LOGDT019</logicalDatatype>
<ownDataTypeParameters>,,</ownDataTypeParameters>
<autoIncrementCycle>false</autoIncrementCycle>
</Column>
<Column name="metal_Cost_ArmoredShip" id="2401976F-A705-392A-1A01-24EDEB5D2D5E">
<createdBy>Albert</createdBy>
<createdTime>2022-05-07 19:47:23 UTC</createdTime>
<generatorID>2F24CDF3-7845-D00F-86C1-A487C9773A64</generatorID>
<ownerDesignName>NuevoModelo_Ampliado</ownerDesignName>
<useDomainConstraints>false</useDomainConstraints>
<use>1</use>
<logicalDatatype>LOGDT019</logicalDatatype>
<ownDataTypeParameters>,,</ownDataTypeParameters>
<autoIncrementCycle>false</autoIncrementCycle>
</Column>
<Column name="deuterium_Cost_LightHunter" id="276A3F88-ACEE-4BCD-7F10-D407D4F7A173">
<createdBy>Albert</createdBy>
<createdTime>2022-05-07 19:47:23 UTC</createdTime>
<generatorID>9E7F8083-0825-668D-AB20-696C9A9FC4AB</generatorID>
<ownerDesignName>NuevoModelo_Ampliado</ownerDesignName>
<useDomainConstraints>false</useDomainConstraints>
<use>1</use>
<logicalDatatype>LOGDT019</logicalDatatype>
<ownDataTypeParameters>,,</ownDataTypeParameters>
<autoIncrementCycle>false</autoIncrementCycle>
</Column>
<Column name="deuterium_Cost_HeavyHunter" id="23BBD434-4CD6-C437-96F2-50B9F70FD86F">
<createdBy>Albert</createdBy>
<createdTime>2022-05-07 19:47:23 UTC</createdTime>
<generatorID>A319D6F5-3301-9051-1C61-80746A8395F4</generatorID>
<ownerDesignName>NuevoModelo_Ampliado</ownerDesignName>
<useDomainConstraints>false</useDomainConstraints>
<use>1</use>
<logicalDatatype>LOGDT019</logicalDatatype>
<ownDataTypeParameters>,,</ownDataTypeParameters>
<autoIncrementCycle>false</autoIncrementCycle>
</Column>
<Column name="deuterium_Cost_BattleShip" id="6DC8570B-1D2F-B800-26C5-48F3A0649BCE">
<createdBy>Albert</createdBy>
<createdTime>2022-05-07 19:47:23 UTC</createdTime>
<generatorID>F109DAA8-7A71-9450-2891-7CB747AFBCA0</generatorID>
<ownerDesignName>NuevoModelo_Ampliado</ownerDesignName>
<useDomainConstraints>false</useDomainConstraints>
<use>1</use>
<logicalDatatype>LOGDT019</logicalDatatype>
<ownDataTypeParameters>,,</ownDataTypeParameters>
<autoIncrementCycle>false</autoIncrementCycle>
</Column>
<Column name="deuterium_Cost_ArmoredShip" id="842A2FEB-E9AE-859D-B74A-306D52D26AB3">
<createdBy>Albert</createdBy>
<createdTime>2022-05-07 19:47:23 UTC</createdTime>
<generatorID>6EFB9747-479E-D8C7-498A-9CA1AF0E6DFF</generatorID>
<ownerDesignName>NuevoModelo_Ampliado</ownerDesignName>
<useDomainConstraints>false</useDomainConstraints>
<use>1</use>
<logicalDatatype>LOGDT019</logicalDatatype>
<ownDataTypeParameters>,,</ownDataTypeParameters>
<autoIncrementCycle>false</autoIncrementCycle>
</Column>
<Column name="deuterium_Cost_MissileLauncher" id="B67B3FE8-EEBA-5497-1896-0531B1056CF5">
<createdBy>Albert</createdBy>
<createdTime>2022-05-07 19:47:23 UTC</createdTime>
<generatorID>E1328ECE-D5EE-5EDD-2852-7159F5798884</generatorID>
<ownerDesignName>NuevoModelo_Ampliado</ownerDesignName>
<useDomainConstraints>false</useDomainConstraints>
<use>1</use>
<logicalDatatype>LOGDT019</logicalDatatype>
<ownDataTypeParameters>,,</ownDataTypeParameters>
<autoIncrementCycle>false</autoIncrementCycle>
</Column>
<Column name="deuterium_Cost_IonCannon" id="0598A2DB-B643-6A60-4791-A38C11789734">
<createdBy>Albert</createdBy>
<createdTime>2022-05-07 19:47:23 UTC</createdTime>
<generatorID>205E3461-39D8-DFC1-4D32-FDD39DCF2D34</generatorID>
<ownerDesignName>NuevoModelo_Ampliado</ownerDesignName>
<useDomainConstraints>false</useDomainConstraints>
<use>1</use>
<logicalDatatype>LOGDT019</logicalDatatype>
<ownDataTypeParameters>,,</ownDataTypeParameters>
<autoIncrementCycle>false</autoIncrementCycle>
</Column>
<Column name="deuterium_Cost_PlasmaCannon" id="F95D8212-759E-D5F6-F9B9-946A05A10410">
<createdBy>Albert</createdBy>
<createdTime>2022-05-07 19:47:23 UTC</createdTime>
<generatorID>218FD9E0-4522-F5E2-AF64-60615AAA0EA5</generatorID>
<ownerDesignName>NuevoModelo_Ampliado</ownerDesignName>
<useDomainConstraints>false</useDomainConstraints>
<use>1</use>
<logicalDatatype>LOGDT019</logicalDatatype>
<ownDataTypeParameters>,,</ownDataTypeParameters>
<autoIncrementCycle>false</autoIncrementCycle>
</Column>
<Column name="metal_Cost_MissileLauncher" id="0ED728E1-4416-7D61-DC55-1E72442D33C1">
<createdBy>Albert</createdBy>
<createdTime>2022-05-07 19:47:23 UTC</createdTime>
<generatorID>76D98DFD-1C41-80CE-71BD-790B2C3FD078</generatorID>
<ownerDesignName>NuevoModelo_Ampliado</ownerDesignName>
<useDomainConstraints>false</useDomainConstraints>
<use>1</use>
<logicalDatatype>LOGDT019</logicalDatatype>
<ownDataTypeParameters>,,</ownDataTypeParameters>
<autoIncrementCycle>false</autoIncrementCycle>
</Column>
<Column name="metal_Cost_IonCannon" id="6DADA181-B918-2B73-BC03-86E4AE67D13F">
<createdBy>Albert</createdBy>
<createdTime>2022-05-07 19:47:23 UTC</createdTime>
<generatorID>8E3EEB4D-47CF-6878-0A68-F572C166A747</generatorID>
<ownerDesignName>NuevoModelo_Ampliado</ownerDesignName>
<useDomainConstraints>false</useDomainConstraints>
<use>1</use>
<logicalDatatype>LOGDT019</logicalDatatype>
<ownDataTypeParameters>,,</ownDataTypeParameters>
<autoIncrementCycle>false</autoIncrementCycle>
</Column>
<Column name="metal_Cost_PlasmaCannon" id="BE3F1519-08A4-3934-1131-7C8A05C9D995">
<createdBy>Albert</createdBy>
<createdTime>2022-05-07 19:47:23 UTC</createdTime>
<generatorID>70180CEA-AE45-0908-494D-4F55F37E9156</generatorID>
<ownerDesignName>NuevoModelo_Ampliado</ownerDesignName>
<useDomainConstraints>false</useDomainConstraints>
<use>1</use>
<logicalDatatype>LOGDT019</logicalDatatype>
<ownDataTypeParameters>,,</ownDataTypeParameters>
<autoIncrementCycle>false</autoIncrementCycle>
</Column>
<Column name="base_Damage_LightHunter" id="2AC7C276-F6DD-0F39-9EAD-9E3AA753DCDE">
<createdBy>Albert</createdBy>
<createdTime>2022-05-07 19:47:23 UTC</createdTime>
<generatorID>1F36ECBA-8840-299F-8201-2EFF6DB8E20F</generatorID>
<ownerDesignName>NuevoModelo_Ampliado</ownerDesignName>
<useDomainConstraints>false</useDomainConstraints>
<use>1</use>
<logicalDatatype>LOGDT019</logicalDatatype>
<ownDataTypeParameters>,,</ownDataTypeParameters>
<autoIncrementCycle>false</autoIncrementCycle>
</Column>
<Column name="base_Damage_HeavyHunter" id="580E8FCC-34C8-29C7-01FF-E978F5E34255">
<createdBy>Albert</createdBy>
<createdTime>2022-05-07 19:47:23 UTC</createdTime>
<generatorID>BDA225DD-DBF4-DDC1-80EF-37F65C231F82</generatorID>
<ownerDesignName>NuevoModelo_Ampliado</ownerDesignName>
<useDomainConstraints>false</useDomainConstraints>
<use>1</use>
<logicalDatatype>LOGDT019</logicalDatatype>
<ownDataTypeParameters>,,</ownDataTypeParameters>
<autoIncrementCycle>false</autoIncrementCycle>
</Column>
<Column name="base_Damage_BattleShip" id="EC6E40E2-7D4C-1C8F-C053-86DEDF71299A">
<createdBy>Albert</createdBy>
<createdTime>2022-05-07 19:47:23 UTC</createdTime>
<generatorID>41B390C7-F6EC-1A57-71EC-75654B5E3A74</generatorID>
<ownerDesignName>NuevoModelo_Ampliado</ownerDesignName>
<useDomainConstraints>false</useDomainConstraints>
<use>1</use>
<logicalDatatype>LOGDT019</logicalDatatype>
<ownDataTypeParameters>,,</ownDataTypeParameters>
<autoIncrementCycle>false</autoIncrementCycle>
</Column>
<Column name="base_Damage_ArmoredShip" id="114C0B97-FA3F-6A50-0166-79160AE86536">
<createdBy>Albert</createdBy>
<createdTime>2022-05-07 19:47:23 UTC</createdTime>
<generatorID>F38F90B4-BFC2-3E8D-F1A0-6BA90F3ED25C</generatorID>
<ownerDesignName>NuevoModelo_Ampliado</ownerDesignName>
<useDomainConstraints>false</useDomainConstraints>
<use>1</use>
<logicalDatatype>LOGDT019</logicalDatatype>
<ownDataTypeParameters>,,</ownDataTypeParameters>
<autoIncrementCycle>false</autoIncrementCycle>
</Column>
<Column name="base_Damage_MissileLauncher" id="07D08DBE-F676-CDBD-FA71-DFC69D6C0FD3">
<createdBy>Albert</createdBy>
<createdTime>2022-05-07 19:47:23 UTC</createdTime>
<generatorID>33310446-54AD-D7B8-3E6B-F9917C7073AE</generatorID>
<ownerDesignName>NuevoModelo_Ampliado</ownerDesignName>
<useDomainConstraints>false</useDomainConstraints>
<use>1</use>
<logicalDatatype>LOGDT019</logicalDatatype>
<ownDataTypeParameters>,,</ownDataTypeParameters>
<autoIncrementCycle>false</autoIncrementCycle>
</Column>
<Column name="base_Damage_IonCannon" id="53333A85-16B3-36F2-666B-260CB02F2F6B">
<createdBy>Albert</createdBy>
<createdTime>2022-05-07 19:47:23 UTC</createdTime>
<generatorID>BA53E0C0-B52C-0161-9032-003383CAAE97</generatorID>
<ownerDesignName>NuevoModelo_Ampliado</ownerDesignName>
<useDomainConstraints>false</useDomainConstraints>
<use>1</use>
<logicalDatatype>LOGDT019</logicalDatatype>
<ownDataTypeParameters>,,</ownDataTypeParameters>
<autoIncrementCycle>false</autoIncrementCycle>
</Column>
<Column name="base_Damage_PlasmaCannon" id="2FBB5252-6B3B-6E3F-5802-830A2916C81D">
<createdBy>Albert</createdBy>
<createdTime>2022-05-07 19:47:23 UTC</createdTime>
<generatorID>407C71AF-672F-8D3A-79FF-3B57173E4272</generatorID>
<ownerDesignName>NuevoModelo_Ampliado</ownerDesignName>
<useDomainConstraints>false</useDomainConstraints>
<use>1</use>
<logicalDatatype>LOGDT019</logicalDatatype>
<ownDataTypeParameters>,,</ownDataTypeParameters>
<autoIncrementCycle>false</autoIncrementCycle>
</Column>
<Column name="reduction_DefenseIonCannon" id="4191D0E4-0F90-6389-53F1-D699B5EBC493">
<createdBy>Albert</createdBy>
<createdTime>2022-05-07 19:47:23 UTC</createdTime>
<generatorID>D1C45095-89E5-4460-6468-70D6EDE63C94</generatorID>
<ownerDesignName>NuevoModelo_Ampliado</ownerDesignName>
<useDomainConstraints>false</useDomainConstraints>
<use>1</use>
<logicalDatatype>LOGDT019</logicalDatatype>
<ownDataTypeParameters>,,</ownDataTypeParameters>
<autoIncrementCycle>false</autoIncrementCycle>
</Column>
<Column name="armor_LightHunter" id="3A31BA51-7F85-3FFD-7A39-BF3F60C4E4B0">
<createdBy>Albert</createdBy>
<createdTime>2022-05-07 19:47:23 UTC</createdTime>
<generatorID>5A39F5B9-515C-F7A3-EB6B-FD33880F7EF9</generatorID>
<ownerDesignName>NuevoModelo_Ampliado</ownerDesignName>
<useDomainConstraints>false</useDomainConstraints>
<use>1</use>
<logicalDatatype>LOGDT019</logicalDatatype>
<ownDataTypeParameters>,,</ownDataTypeParameters>
<autoIncrementCycle>false</autoIncrementCycle>
</Column>
<Column name="armor_HeavyHunter" id="49CC54CB-30A8-3F2B-8269-001F7181B49E">
<createdBy>Albert</createdBy>
<createdTime>2022-05-07 19:47:23 UTC</createdTime>
<generatorID>B9C4A76E-0314-A169-D9CE-7E78DEE60D84</generatorID>
<ownerDesignName>NuevoModelo_Ampliado</ownerDesignName>
<useDomainConstraints>false</useDomainConstraints>
<use>1</use>
<logicalDatatype>LOGDT019</logicalDatatype>
<ownDataTypeParameters>,,</ownDataTypeParameters>
<autoIncrementCycle>false</autoIncrementCycle>
</Column>
<Column name="armor_BattleShip" id="CDA91654-3DFB-4ADB-A3D2-A732162CDD1B">
<createdBy>Albert</createdBy>
<createdTime>2022-05-07 19:47:23 UTC</createdTime>
<generatorID>E1877476-6EE0-91BF-3636-9DE442B1CA79</generatorID>
<ownerDesignName>NuevoModelo_Ampliado</ownerDesignName>
<useDomainConstraints>false</useDomainConstraints>
<use>1</use>
<logicalDatatype>LOGDT019</logicalDatatype>
<ownDataTypeParameters>,,</ownDataTypeParameters>
<autoIncrementCycle>false</autoIncrementCycle>
</Column>
<Column name="armor_ArmoredShip" id="EA710751-FD88-885F-E9A0-29C5305017AD">
<createdBy>Albert</createdBy>
<createdTime>2022-05-07 19:47:23 UTC</createdTime>
<generatorID>60A1CA7A-9AE5-96C7-4606-A1E4840E6922</generatorID>
<ownerDesignName>NuevoModelo_Ampliado</ownerDesignName>
<useDomainConstraints>false</useDomainConstraints>
<use>1</use>
<logicalDatatype>LOGDT019</logicalDatatype>
<ownDataTypeParameters>,,</ownDataTypeParameters>
<autoIncrementCycle>false</autoIncrementCycle>
</Column>
<Column name="armor_MissileLauncher" id="C57CECE5-EC7A-1FE3-DD98-A16B7D19696C">
<createdBy>Albert</createdBy>
<createdTime>2022-05-07 19:47:23 UTC</createdTime>
<generatorID>EB296F5E-5D74-6352-A83B-53EB92524A73</generatorID>
<ownerDesignName>NuevoModelo_Ampliado</ownerDesignName>
<useDomainConstraints>false</useDomainConstraints>
<use>1</use>
<logicalDatatype>LOGDT019</logicalDatatype>
<ownDataTypeParameters>,,</ownDataTypeParameters>
<autoIncrementCycle>false</autoIncrementCycle>
</Column>
<Column name="armor_IonCannon" id="E0A26059-5C64-73B7-AEEC-924618798D4C">
<createdBy>Albert</createdBy>
<createdTime>2022-05-07 19:47:23 UTC</createdTime>
<generatorID>37AFD6EB-6543-0640-EE2A-18C607330F19</generatorID>
<ownerDesignName>NuevoModelo_Ampliado</ownerDesignName>
<useDomainConstraints>false</useDomainConstraints>
<use>1</use>
<logicalDatatype>LOGDT019</logicalDatatype>
<ownDataTypeParameters>,,</ownDataTypeParameters>
<autoIncrementCycle>false</autoIncrementCycle>
</Column>
<Column name="armor_PlasmaCannon" id="7B6045B4-22E6-DCB9-7239-C7D39378F845">
<createdBy>Albert</createdBy>
<createdTime>2022-05-07 19:47:23 UTC</createdTime>
<generatorID>17F6DC2E-49D1-4E5F-973D-DD0311F1E8A2</generatorID>
<ownerDesignName>NuevoModelo_Ampliado</ownerDesignName>
<useDomainConstraints>false</useDomainConstraints>
<use>1</use>
<logicalDatatype>LOGDT019</logicalDatatype>
<ownDataTypeParameters>,,</ownDataTypeParameters>
<autoIncrementCycle>false</autoIncrementCycle>
</Column>
<Column name="plus_Armor_LightHunter_By_Technology" id="3433A5FC-DD89-D099-4DCD-3F875F66CDF4">
<createdBy>Albert</createdBy>
<createdTime>2022-05-07 19:47:23 UTC</createdTime>
<generatorID>3BDDA838-D633-9F7F-2061-2614FAFBC257</generatorID>
<ownerDesignName>NuevoModelo_Ampliado</ownerDesignName>
<useDomainConstraints>false</useDomainConstraints>
<use>1</use>
<logicalDatatype>LOGDT019</logicalDatatype>
<ownDataTypeParameters>,,</ownDataTypeParameters>
<autoIncrementCycle>false</autoIncrementCycle>
</Column>
<Column name="plus_Armor_HeavyHunter_By_Technology" id="6C61CD3D-5C40-1D8C-4C5C-0683D3C60C1E">
<createdBy>Albert</createdBy>
<createdTime>2022-05-07 19:47:23 UTC</createdTime>
<generatorID>BC4DB5FD-B762-4936-014F-EA7769A2CDE1</generatorID>
<ownerDesignName>NuevoModelo_Ampliado</ownerDesignName>
<useDomainConstraints>false</useDomainConstraints>
<use>1</use>
<logicalDatatype>LOGDT019</logicalDatatype>
<ownDataTypeParameters>,,</ownDataTypeParameters>
<autoIncrementCycle>false</autoIncrementCycle>
</Column>
<Column name="plus_Armor_BattleShip_By_Technology" id="7754D652-E447-1FC5-00EB-8FD989F1A0B0">
<createdBy>Albert</createdBy>
<createdTime>2022-05-07 19:47:23 UTC</createdTime>
<generatorID>5837AE3B-D83D-55F9-D9EF-E2E97EB6E171</generatorID>
<ownerDesignName>NuevoModelo_Ampliado</ownerDesignName>
<useDomainConstraints>false</useDomainConstraints>
<use>1</use>
<logicalDatatype>LOGDT019</logicalDatatype>
<ownDataTypeParameters>,,</ownDataTypeParameters>
<autoIncrementCycle>false</autoIncrementCycle>
</Column>
<Column name="plus_Armor_ArmoredShip_By_Technology" id="90BF54E0-382A-7F20-0F6A-CE6A531860F5">
<createdBy>Albert</createdBy>
<createdTime>2022-05-07 19:47:23 UTC</createdTime>
<generatorID>0D2AA006-56C7-065D-EB36-1D5399DA5F2E</generatorID>
<ownerDesignName>NuevoModelo_Ampliado</ownerDesignName>
<useDomainConstraints>false</useDomainConstraints>
<use>1</use>
<logicalDatatype>LOGDT019</logicalDatatype>
<ownDataTypeParameters>,,</ownDataTypeParameters>
<autoIncrementCycle>false</autoIncrementCycle>
</Column>
<Column name="plus_Armor_MissileLauncher_By_Technology" id="1BD622CE-945A-5625-46AA-471974A35FC0">
<createdBy>Albert</createdBy>
<createdTime>2022-05-07 19:47:23 UTC</createdTime>
<generatorID>E6ED6F8F-6B59-C8C2-E478-A0D7EA434074</generatorID>
<ownerDesignName>NuevoModelo_Ampliado</ownerDesignName>
<useDomainConstraints>false</useDomainConstraints>
<use>1</use>
<logicalDatatype>LOGDT019</logicalDatatype>
<ownDataTypeParameters>,,</ownDataTypeParameters>
<autoIncrementCycle>false</autoIncrementCycle>
</Column>
<Column name="plus_Armor_IonCannon_By_Technology" id="21A85DAF-7A16-5284-CE63-0F02F08031C5">
<createdBy>Albert</createdBy>
<createdTime>2022-05-07 19:47:23 UTC</createdTime>
<generatorID>DDCABC56-77D2-88EB-3A06-3A15A06D89F7</generatorID>
<ownerDesignName>NuevoModelo_Ampliado</ownerDesignName>
<useDomainConstraints>false</useDomainConstraints>
<use>1</use>
<logicalDatatype>LOGDT019</logicalDatatype>
<ownDataTypeParameters>,,</ownDataTypeParameters>
<autoIncrementCycle>false</autoIncrementCycle>
</Column>
<Column name="plus_Armor_PlasmaCannon_By_Technology" id="C1F94B9D-0D58-BF4F-C20A-E081F65CE20C">
<createdBy>Albert</createdBy>
<createdTime>2022-05-07 19:47:23 UTC</createdTime>
<generatorID>FF4A2407-5971-22DF-2E31-E11DF9BADCDB</generatorID>
<ownerDesignName>NuevoModelo_Ampliado</ownerDesignName>
<useDomainConstraints>false</useDomainConstraints>
<use>1</use>
<logicalDatatype>LOGDT019</logicalDatatype>
<ownDataTypeParameters>,,</ownDataTypeParameters>
<autoIncrementCycle>false</autoIncrementCycle>
</Column>
<Column name="plus_Attack_LightHunter_By_Technology" id="64787884-2F10-8B72-4EA3-4B952C37DB89">
<createdBy>Albert</createdBy>
<createdTime>2022-05-07 19:47:23 UTC</createdTime>
<generatorID>19B0C3C0-D4FA-D918-732D-A019B961F24B</generatorID>
<ownerDesignName>NuevoModelo_Ampliado</ownerDesignName>
<useDomainConstraints>false</useDomainConstraints>
<use>1</use>
<logicalDatatype>LOGDT019</logicalDatatype>
<ownDataTypeParameters>,,</ownDataTypeParameters>
<autoIncrementCycle>false</autoIncrementCycle>
</Column>
<Column name="plus_Attack_HeavyHunterHunter_By_Technology" id="A2B44668-FCEB-0FA7-ED6D-6EBFCBC89A5D">
<createdBy>Albert</createdBy>
<createdTime>2022-05-07 19:47:23 UTC</createdTime>
<generatorID>35CE4418-0974-B836-7C00-E37616D4482D</generatorID>
<ownerDesignName>NuevoModelo_Ampliado</ownerDesignName>
<useDomainConstraints>false</useDomainConstraints>
<use>1</use>
<logicalDatatype>LOGDT019</logicalDatatype>
<ownDataTypeParameters>,,</ownDataTypeParameters>
<autoIncrementCycle>false</autoIncrementCycle>
</Column>
<Column name="plus_Attack_BattleShip_By_Technology" id="145FEB89-17E1-7926-87D2-D8239E14C425">
<createdBy>Albert</createdBy>
<createdTime>2022-05-07 19:47:23 UTC</createdTime>
<generatorID>9704E418-FA5D-A248-30DC-AAD90944F0D2</generatorID>
<ownerDesignName>NuevoModelo_Ampliado</ownerDesignName>
<useDomainConstraints>false</useDomainConstraints>
<use>1</use>
<logicalDatatype>LOGDT019</logicalDatatype>
<ownDataTypeParameters>,,</ownDataTypeParameters>
<autoIncrementCycle>false</autoIncrementCycle>
</Column>
<Column name="plus_Attack_ArmoredShip_By_Technology" id="8F9E3AB4-8B73-6387-9F7A-C7CBAD691417">
<createdBy>Albert</createdBy>
<createdTime>2022-05-07 19:47:23 UTC</createdTime>
<generatorID>051ACAF2-4C88-B049-8BAF-E78AFCDB8157</generatorID>
<ownerDesignName>NuevoModelo_Ampliado</ownerDesignName>
<useDomainConstraints>false</useDomainConstraints>
<use>1</use>
<logicalDatatype>LOGDT019</logicalDatatype>
<ownDataTypeParameters>,,</ownDataTypeParameters>
<autoIncrementCycle>false</autoIncrementCycle>
</Column>
<Column name="plus_Attack_MissileLauncher_By_Technology" id="19D0AF92-D51D-7D72-8C91-C8AF10374C4F">
<createdBy>Albert</createdBy>
<createdTime>2022-05-07 19:47:23 UTC</createdTime>
<generatorID>70637E3E-7C99-22DA-D5F3-584987538DA6</generatorID>
<ownerDesignName>NuevoModelo_Ampliado</ownerDesignName>
<useDomainConstraints>false</useDomainConstraints>
<use>1</use>
<logicalDatatype>LOGDT019</logicalDatatype>
<ownDataTypeParameters>,,</ownDataTypeParameters>
<autoIncrementCycle>false</autoIncrementCycle>
</Column>
<Column name="plus_Attack_IonCannon_By_Technology" id="43D9D17A-E0FD-8138-52F7-C7FA7A5F3660">
<createdBy>Albert</createdBy>
<createdTime>2022-05-07 19:47:23 UTC</createdTime>
<generatorID>ED5C16E9-4842-9AB0-50B0-72FDD067D17B</generatorID>
<ownerDesignName>NuevoModelo_Ampliado</ownerDesignName>
<useDomainConstraints>false</useDomainConstraints>
<use>1</use>
<logicalDatatype>LOGDT019</logicalDatatype>
<ownDataTypeParameters>,,</ownDataTypeParameters>
<autoIncrementCycle>false</autoIncrementCycle>
</Column>
<Column name="plus_Attack_PlasmaCannon_By_Technology" id="BEC572DF-921A-2E82-A56C-B7036D12FD92">
<createdBy>Albert</createdBy>
<createdTime>2022-05-07 19:47:23 UTC</createdTime>
<generatorID>66D8864F-3340-D035-6F81-96734735465E</generatorID>
<ownerDesignName>NuevoModelo_Ampliado</ownerDesignName>
<useDomainConstraints>false</useDomainConstraints>
<use>1</use>
<logicalDatatype>LOGDT019</logicalDatatype>
<ownDataTypeParameters>,,</ownDataTypeParameters>
<autoIncrementCycle>false</autoIncrementCycle>
</Column>
<Column name="chance_Generating_Waste_LightHunter" id="5DEEDA1D-ED95-ED06-2555-CA87EC2A92CA">
<createdBy>Albert</createdBy>
<createdTime>2022-05-07 19:47:23 UTC</createdTime>
<generatorID>8D4AF39F-7CC5-98E0-1667-65C83D429591</generatorID>
<ownerDesignName>NuevoModelo_Ampliado</ownerDesignName>
<useDomainConstraints>false</useDomainConstraints>
<use>1</use>
<logicalDatatype>LOGDT019</logicalDatatype>
<ownDataTypeParameters>,,</ownDataTypeParameters>
<autoIncrementCycle>false</autoIncrementCycle>
</Column>
<Column name="chance_Generating_Waste_HeavyHunter" id="5E5503CE-1DED-3E64-F1F4-3DA872790A55">
<createdBy>Albert</createdBy>
<createdTime>2022-05-07 19:47:23 UTC</createdTime>
<generatorID>2624FE1A-544D-8C6C-396A-8C4942CEC8C4</generatorID>
<ownerDesignName>NuevoModelo_Ampliado</ownerDesignName>
<useDomainConstraints>false</useDomainConstraints>
<use>1</use>
<logicalDatatype>LOGDT019</logicalDatatype>
<ownDataTypeParameters>,,</ownDataTypeParameters>
<autoIncrementCycle>false</autoIncrementCycle>
</Column>
<Column name="chance_Generating_Waste_BattleShip" id="1FC316C1-6D4D-E8BD-0192-7440A68E74FC">
<createdBy>Albert</createdBy>
<createdTime>2022-05-07 19:47:23 UTC</createdTime>
<generatorID>217D50D6-2885-901D-D14D-FEAA6EC9C374</generatorID>
<ownerDesignName>NuevoModelo_Ampliado</ownerDesignName>
<useDomainConstraints>false</useDomainConstraints>
<use>1</use>
<logicalDatatype>LOGDT019</logicalDatatype>
<ownDataTypeParameters>,,</ownDataTypeParameters>
<autoIncrementCycle>false</autoIncrementCycle>
</Column>
<Column name="chance_Generating_Waste_ArmoredShip" id="E9D3E83F-CD66-6F65-7ED6-BF5224B8C6FE">
<createdBy>Albert</createdBy>
<createdTime>2022-05-07 19:47:23 UTC</createdTime>
<generatorID>9ABD6423-8E27-C7D6-98BA-9E9F51AE3F4E</generatorID>
<ownerDesignName>NuevoModelo_Ampliado</ownerDesignName>
<useDomainConstraints>false</useDomainConstraints>
<use>1</use>
<logicalDatatype>LOGDT019</logicalDatatype>
<ownDataTypeParameters>,,</ownDataTypeParameters>
<autoIncrementCycle>false</autoIncrementCycle>
</Column>
<Column name="chance_Generating_Waste_MissileLauncher" id="00B6223C-B197-F111-E81D-856F626AB62F">
<createdBy>Albert</createdBy>
<createdTime>2022-05-07 19:47:23 UTC</createdTime>
<generatorID>449C5379-F104-2CD7-39F8-0C304F8640CC</generatorID>
<ownerDesignName>NuevoModelo_Ampliado</ownerDesignName>
<useDomainConstraints>false</useDomainConstraints>
<use>1</use>
<logicalDatatype>LOGDT019</logicalDatatype>
<ownDataTypeParameters>,,</ownDataTypeParameters>
<autoIncrementCycle>false</autoIncrementCycle>
</Column>
<Column name="chance_Generating_Waste_IonCannon" id="C5CA2C8A-4E00-6640-078F-915EA515848B">
<createdBy>Albert</createdBy>
<createdTime>2022-05-07 19:47:23 UTC</createdTime>
<generatorID>DC6B3466-1FCE-F8F6-9F5D-5295B2463297</generatorID>
<ownerDesignName>NuevoModelo_Ampliado</ownerDesignName>
<useDomainConstraints>false</useDomainConstraints>
<use>1</use>
<logicalDatatype>LOGDT019</logicalDatatype>
<ownDataTypeParameters>,,</ownDataTypeParameters>
<autoIncrementCycle>false</autoIncrementCycle>
</Column>
<Column name="chance_Generating_Waste_PlasmaCannon" id="D5AA0F33-36B6-2530-C8D4-70E678AE04E4">
<createdBy>Albert</createdBy>
<createdTime>2022-05-07 19:47:23 UTC</createdTime>
<generatorID>A5001F5D-DAF8-19B6-3DED-A775FDAC65D0</generatorID>
<ownerDesignName>NuevoModelo_Ampliado</ownerDesignName>
<useDomainConstraints>false</useDomainConstraints>
<use>1</use>
<logicalDatatype>LOGDT019</logicalDatatype>
<ownDataTypeParameters>,,</ownDataTypeParameters>
<autoIncrementCycle>false</autoIncrementCycle>
</Column>
<Column name="chance_Attack_Again_LightHunter" id="1E10A388-D660-2441-E5F7-FDBB5AEE645A">
<createdBy>Albert</createdBy>
<createdTime>2022-05-07 19:47:23 UTC</createdTime>
<generatorID>754BEE48-957F-94B8-69FE-2A66E47A5524</generatorID>
<ownerDesignName>NuevoModelo_Ampliado</ownerDesignName>
<useDomainConstraints>false</useDomainConstraints>
<use>1</use>
<logicalDatatype>LOGDT019</logicalDatatype>
<ownDataTypeParameters>,,</ownDataTypeParameters>
<autoIncrementCycle>false</autoIncrementCycle>
</Column>
<Column name="chance_Attack_Again_HeavyHunter" id="9FEC08B6-FD0A-5231-47D0-0B22811E52A2">
<createdBy>Albert</createdBy>
<createdTime>2022-05-07 19:47:23 UTC</createdTime>
<generatorID>802580DF-612F-6477-AD76-1EE33C99C56C</generatorID>
<ownerDesignName>NuevoModelo_Ampliado</ownerDesignName>
<useDomainConstraints>false</useDomainConstraints>
<use>1</use>
<logicalDatatype>LOGDT019</logicalDatatype>
<ownDataTypeParameters>,,</ownDataTypeParameters>
<autoIncrementCycle>false</autoIncrementCycle>
</Column>
<Column name="chance_Attack_Again_Battleship" id="AA1DA40B-FE47-98B9-643F-2B9FE75BDA66">
<createdBy>Albert</createdBy>
<createdTime>2022-05-07 19:47:23 UTC</createdTime>
<generatorID>981910B4-C076-B3F8-A148-7839F2E8575E</generatorID>
<ownerDesignName>NuevoModelo_Ampliado</ownerDesignName>
<useDomainConstraints>false</useDomainConstraints>
<use>1</use>
<logicalDatatype>LOGDT019</logicalDatatype>
<ownDataTypeParameters>,,</ownDataTypeParameters>
<autoIncrementCycle>false</autoIncrementCycle>
</Column>
<Column name="chance_Attack_Again_ArmoredShip" id="6602821F-4B31-5C44-8B5A-764F79EFD2E8">
<createdBy>Albert</createdBy>
<createdTime>2022-05-07 19:47:23 UTC</createdTime>
<generatorID>6B528889-C1B8-ED94-8B06-E2F25374AFEC</generatorID>
<ownerDesignName>NuevoModelo_Ampliado</ownerDesignName>
<useDomainConstraints>false</useDomainConstraints>
<use>1</use>
<logicalDatatype>LOGDT019</logicalDatatype>
<ownDataTypeParameters>,,</ownDataTypeParameters>
<autoIncrementCycle>false</autoIncrementCycle>
</Column>
<Column name="chance_Attack_Again_MissileLauncher" id="C7A094BE-4A87-1E0E-D665-37627BA6E759">
<createdBy>Albert</createdBy>
<createdTime>2022-05-07 19:47:23 UTC</createdTime>
<generatorID>45786FDA-4A68-E733-1388-249C207AAF35</generatorID>
<ownerDesignName>NuevoModelo_Ampliado</ownerDesignName>
<useDomainConstraints>false</useDomainConstraints>
<use>1</use>
<logicalDatatype>LOGDT019</logicalDatatype>
<ownDataTypeParameters>,,</ownDataTypeParameters>
<autoIncrementCycle>false</autoIncrementCycle>
</Column>
<Column name="chance_Attack_Again_IonCannon" id="3F7C12C6-F147-6D93-7807-094B9DBECD2F">
<createdBy>Albert</createdBy>
<createdTime>2022-05-07 19:47:23 UTC</createdTime>
<generatorID>356FE870-4B3A-5155-2169-1D9A38BA824A</generatorID>
<ownerDesignName>NuevoModelo_Ampliado</ownerDesignName>
<useDomainConstraints>false</useDomainConstraints>
<use>1</use>
<logicalDatatype>LOGDT019</logicalDatatype>
<ownDataTypeParameters>,,</ownDataTypeParameters>
<autoIncrementCycle>false</autoIncrementCycle>
</Column>
<Column name="chance_Attack_Again_PlasmaCannon" id="463BAC5F-9392-7E08-257D-8BB0C3549AC6">
<createdBy>Albert</createdBy>
<createdTime>2022-05-07 19:47:23 UTC</createdTime>
<generatorID>6FC19097-32D7-3F8B-67CA-7234220DBD52</generatorID>
<ownerDesignName>NuevoModelo_Ampliado</ownerDesignName>
<useDomainConstraints>false</useDomainConstraints>
<use>1</use>
<logicalDatatype>LOGDT019</logicalDatatype>
<ownDataTypeParameters>,,</ownDataTypeParameters>
<autoIncrementCycle>false</autoIncrementCycle>
</Column>
<Column name="ID_Configuration1" id="058BDAFF-914C-179C-0A31-85F355E6D92A">
<createdBy>Albert</createdBy>
<createdTime>2022-05-07 21:38:58 UTC</createdTime>
<generatorID>72B38B54-2EB9-80DF-E4A1-8A590C39410A</generatorID>
<ownerDesignName>NuevoModelo_Ampliado</ownerDesignName>
<useDomainConstraints>false</useDomainConstraints>
<use>1</use>
<logicalDatatype>LOGDT011</logicalDatatype>
<ownDataTypeParameters>,,</ownDataTypeParameters>
<autoIncrementCycle>false</autoIncrementCycle>
</Column>
</columns>
<indexes itemClass="oracle.dbtools.crest.model.design.relational.Index">
<ind_PK_UK id="C63B6D1D-1EA7-812F-A58F-23EAB5BC73B1" name="Constants_PK">
<createdBy>Albert</createdBy>
<createdTime>2022-05-07 19:39:29 UTC</createdTime>
<generatorID>38D54D7A-DBC7-6E15-EA87-114059C10348</generatorID>
<ownerDesignName>NuevoModelo_Ampliado</ownerDesignName>
<pk>true</pk>
<indexState>Primary Constraint</indexState>
<isSurrogateKey>false</isSurrogateKey>
<indexColumnUsage>
<colUsage columnID="72EAF112-E3CD-0733-2576-9F603633EED6"/>
</indexColumnUsage>
</ind_PK_UK>
<ind_PK_UK id="DD5126A9-5338-7D70-989A-023953DD7E3F" name="Constants_name_Configuration_UN">
<createdBy>Albert</createdBy>
<createdTime>2022-05-07 19:39:29 UTC</createdTime>
<generatorID>3E1ECD9C-C7A0-357E-62BD-1798E61627D5</generatorID>
<ownerDesignName>NuevoModelo_Ampliado</ownerDesignName>
<indexState>Unique Constraint</indexState>
<isSurrogateKey>false</isSurrogateKey>
<indexColumnUsage>
<colUsage columnID="137254AE-CFD1-CC60-53FF-0751465F3B89"/>
</indexColumnUsage>
</ind_PK_UK>
</indexes>
</Table>
