<?xml version = '1.0' encoding = 'UTF-8'?>
<Table class="oracle.dbtools.crest.model.design.relational.Table" directorySegmentName="seg_0" id="F4A0BC9B-DFF7-AE38-403F-A8221FD863E6" name="technology_Defense">
<createdBy>Albert</createdBy>
<createdTime>2022-05-07 13:00:45 UTC</createdTime>
<generatorID>E260CF62-546D-2237-9879-7F5FB3DA41AE</generatorID>
<ownerDesignName>NuevoModelo_Ampliado</ownerDesignName>
<allowColumnReorder>false</allowColumnReorder>
<existDependencyGenerateInDDl>true</existDependencyGenerateInDDl>
<parsed>true</parsed>
<columns itemClass="oracle.dbtools.crest.model.design.relational.Column">
<Column name="ID_LevelDefense" id="FD152FC2-E4B4-A281-07BF-4E63575AB28B">
<createdBy>Albert</createdBy>
<createdTime>2022-05-07 13:00:45 UTC</createdTime>
<generatorID>7235EF01-8049-16D1-4E92-C76DA668BAC6</generatorID>
<ownerDesignName>NuevoModelo_Ampliado</ownerDesignName>
<useDomainConstraints>false</useDomainConstraints>
<use>1</use>
<logicalDatatype>LOGDT011</logicalDatatype>
<ownDataTypeParameters>,,</ownDataTypeParameters>
<autoIncrementCycle>false</autoIncrementCycle>
</Column>
<Column name="cost" id="E9BAFD63-0084-E081-D652-2B090BA08CF8">
<createdBy>Albert</createdBy>
<createdTime>2022-05-07 13:00:45 UTC</createdTime>
<generatorID>FBE8F8CA-90C9-82DB-B089-C9C07D54E3EA</generatorID>
<ownerDesignName>NuevoModelo_Ampliado</ownerDesignName>
<useDomainConstraints>false</useDomainConstraints>
<use>1</use>
<logicalDatatype>LOGDT019</logicalDatatype>
<ownDataTypeParameters>,,</ownDataTypeParameters>
<autoIncrementCycle>false</autoIncrementCycle>
</Column>
</columns>
<indexes itemClass="oracle.dbtools.crest.model.design.relational.Index">
<ind_PK_UK id="F51FB58F-E9B7-D910-0B87-996096788A15" name="technology_Defense_PK">
<createdBy>Albert</createdBy>
<createdTime>2022-05-07 13:00:45 UTC</createdTime>
<generatorID>A874F3DC-32D5-BD04-86E0-F7E02CE1DB46</generatorID>
<ownerDesignName>NuevoModelo_Ampliado</ownerDesignName>
<pk>true</pk>
<indexState>Primary Constraint</indexState>
<isSurrogateKey>false</isSurrogateKey>
<indexColumnUsage>
<colUsage columnID="FD152FC2-E4B4-A281-07BF-4E63575AB28B"/>
</indexColumnUsage>
</ind_PK_UK>
</indexes>
</Table>
