<?xml version = '1.0' encoding = 'UTF-8'?>
<Table class="oracle.dbtools.crest.model.design.relational.Table" directorySegmentName="seg_0" id="0C4C04EB-42BE-FE88-103D-8251AAA2F080" name="Units">
<createdBy>alumne</createdBy>
<createdTime>2022-05-10 11:12:55 UTC</createdTime>
<ownerDesignName>NuevoModelo_Alternativo</ownerDesignName>
<ordsAlias>table_13</ordsAlias>
<allowColumnReorder>false</allowColumnReorder>
<existDependencyGenerateInDDl>true</existDependencyGenerateInDDl>
<parsed>true</parsed>
<columns itemClass="oracle.dbtools.crest.model.design.relational.Column">
<Column name="ID_UNIT" id="A564E293-53ED-CFFC-64AB-75D639C3C883">
<createdBy>alumne</createdBy>
<createdTime>2022-05-10 11:15:30 UTC</createdTime>
<ownerDesignName>NuevoModelo_Alternativo</ownerDesignName>
<useDomainConstraints>false</useDomainConstraints>
<use>1</use>
<logicalDatatype>LOGDT011</logicalDatatype>
<ownDataTypeParameters>,,</ownDataTypeParameters>
<autoIncrementCycle>false</autoIncrementCycle>
</Column>
<Column name="defense_Level" id="E55C3DED-51C0-E2D0-4810-11AD82638B9C">
<createdBy>alumne</createdBy>
<createdTime>2022-05-10 11:15:30 UTC</createdTime>
<ownerDesignName>NuevoModelo_Alternativo</ownerDesignName>
<nullsAllowed>true</nullsAllowed>
<useDomainConstraints>false</useDomainConstraints>
<use>1</use>
<logicalDatatype>LOGDT011</logicalDatatype>
<ownDataTypeParameters>,,</ownDataTypeParameters>
<autoIncrementCycle>false</autoIncrementCycle>
</Column>
<Column name="attack_Level" id="E6B37C35-96E8-A5C5-14C5-738240245FED">
<createdBy>alumne</createdBy>
<createdTime>2022-05-10 11:15:30 UTC</createdTime>
<ownerDesignName>NuevoModelo_Alternativo</ownerDesignName>
<nullsAllowed>true</nullsAllowed>
<useDomainConstraints>false</useDomainConstraints>
<use>1</use>
<logicalDatatype>LOGDT011</logicalDatatype>
<ownDataTypeParameters>,,</ownDataTypeParameters>
<autoIncrementCycle>false</autoIncrementCycle>
</Column>
<Column name="Defense_ID_Defense" id="D926F5C8-1104-F518-7E73-09B0F0302285">
<createdBy>alumne</createdBy>
<createdTime>2022-05-10 19:15:01 UTC</createdTime>
<generatorID>5BC86D19-13A7-0B12-A90F-081B5A2233FB</generatorID>
<ownerDesignName>NuevoModelo_Alternativo</ownerDesignName>
<nullsAllowed>true</nullsAllowed>
<useDomainConstraints>false</useDomainConstraints>
<use>1</use>
<logicalDatatype>LOGDT011</logicalDatatype>
<ownDataTypeParameters>,,</ownDataTypeParameters>
<previousColumn>false</previousColumn>
<autoIncrementCycle>false</autoIncrementCycle>
<associations>
<colAssociation fkAssociation="04827E2B-F976-BAA2-C87B-6C46F070CAE4" referredColumn="7AF317E2-BE07-85C1-0A93-1A22B20AE5DF"/>
</associations>
</Column>
<Column name="Ship_ID_Ship" id="68BF2DBA-4AE6-39A5-280E-08AA3109168C">
<createdBy>alumne</createdBy>
<createdTime>2022-05-10 19:15:01 UTC</createdTime>
<generatorID>BFA732D8-8AC7-657F-D38B-ED32C1CF0DDB</generatorID>
<ownerDesignName>NuevoModelo_Alternativo</ownerDesignName>
<nullsAllowed>true</nullsAllowed>
<useDomainConstraints>false</useDomainConstraints>
<use>1</use>
<logicalDatatype>LOGDT011</logicalDatatype>
<ownDataTypeParameters>,,</ownDataTypeParameters>
<previousColumn>false</previousColumn>
<autoIncrementCycle>false</autoIncrementCycle>
<associations>
<colAssociation fkAssociation="1E8C845D-036C-386D-B3D9-08E7F5505C96" referredColumn="C4BEA7F9-EEBD-D443-A46D-DED442946D95"/>
</associations>
</Column>
<Column name="Enemy_ID_Enemy" id="D85BF563-C378-FDC2-5DDF-3546B550C4EF">
<createdBy>alumne</createdBy>
<createdTime>2022-05-10 19:15:01 UTC</createdTime>
<generatorID>D99615DA-679A-8076-B3DD-D79C7F24D3BA</generatorID>
<ownerDesignName>NuevoModelo_Alternativo</ownerDesignName>
<nullsAllowed>true</nullsAllowed>
<useDomainConstraints>false</useDomainConstraints>
<use>1</use>
<logicalDatatype>LOGDT011</logicalDatatype>
<ownDataTypeParameters>,,</ownDataTypeParameters>
<previousColumn>false</previousColumn>
<autoIncrementCycle>false</autoIncrementCycle>
<associations>
<colAssociation fkAssociation="00714A47-602C-CBE0-A5EB-35AE36BC0EF9" referredColumn="3C56CD47-0D26-C2AD-3DD6-7239E864F4DA"/>
</associations>
</Column>
<Column name="Planet_ID_Planet" id="4487B71E-8538-286D-3952-A647B3E748E5">
<createdBy>alumne</createdBy>
<createdTime>2022-05-10 19:15:01 UTC</createdTime>
<generatorID>8DBC2B64-1767-89AD-A51C-55769916CF4A</generatorID>
<ownerDesignName>NuevoModelo_Alternativo</ownerDesignName>
<nullsAllowed>true</nullsAllowed>
<useDomainConstraints>false</useDomainConstraints>
<use>1</use>
<logicalDatatype>LOGDT011</logicalDatatype>
<ownDataTypeParameters>,,</ownDataTypeParameters>
<previousColumn>false</previousColumn>
<autoIncrementCycle>false</autoIncrementCycle>
<associations>
<colAssociation fkAssociation="79EF4B20-5FF5-9E82-5CC6-F29CAE4D4DCF" referredColumn="0C92107A-BA17-39DC-8AAC-079DD8526C18"/>
</associations>
</Column>
</columns>
<indexes itemClass="oracle.dbtools.crest.model.design.relational.Index">
<ind_PK_UK id="C775C58E-5FAF-61A1-FB44-5E4B13420E16" name="UNITS_PK">
<createdBy>alumne</createdBy>
<createdTime>2022-05-10 11:15:46 UTC</createdTime>
<ownerDesignName>NuevoModelo_Alternativo</ownerDesignName>
<pk>true</pk>
<indexState>Primary Constraint</indexState>
<isSurrogateKey>false</isSurrogateKey>
<indexColumnUsage>
<colUsage columnID="A564E293-53ED-CFFC-64AB-75D639C3C883"/>
</indexColumnUsage>
</ind_PK_UK>
<ind_PK_UK id="67A9FBD8-FD40-E9A8-395F-E56A397C9A2D" name="UNITS_Defense_FK">
<createdBy>alumne</createdBy>
<createdTime>2022-05-10 19:15:01 UTC</createdTime>
<generatorID>CBFEF3A3-4C2E-A288-55C6-CE933435667E</generatorID>
<ownerDesignName>NuevoModelo_Alternativo</ownerDesignName>
<indexState>Foreign Key</indexState>
<isSurrogateKey>false</isSurrogateKey>
<indexColumnUsage>
<colUsage columnID="D926F5C8-1104-F518-7E73-09B0F0302285"/>
</indexColumnUsage>
</ind_PK_UK>
<ind_PK_UK id="DB54E0E6-AF5A-64D6-F24C-57B3A70A90DC" name="UNITS_Ship_FK">
<createdBy>alumne</createdBy>
<createdTime>2022-05-10 19:15:01 UTC</createdTime>
<generatorID>21B1CD13-AE32-411F-6852-0B8C1A788F04</generatorID>
<ownerDesignName>NuevoModelo_Alternativo</ownerDesignName>
<indexState>Foreign Key</indexState>
<isSurrogateKey>false</isSurrogateKey>
<indexColumnUsage>
<colUsage columnID="68BF2DBA-4AE6-39A5-280E-08AA3109168C"/>
</indexColumnUsage>
</ind_PK_UK>
<ind_PK_UK id="D6AE5E8A-EC05-094D-6662-33DC421E9DFC" name="UNITS_Enemy_FK">
<createdBy>alumne</createdBy>
<createdTime>2022-05-10 19:15:01 UTC</createdTime>
<generatorID>05999AD3-E329-1801-7F3C-5BC216F5A790</generatorID>
<ownerDesignName>NuevoModelo_Alternativo</ownerDesignName>
<indexState>Foreign Key</indexState>
<isSurrogateKey>false</isSurrogateKey>
<indexColumnUsage>
<colUsage columnID="D85BF563-C378-FDC2-5DDF-3546B550C4EF"/>
</indexColumnUsage>
</ind_PK_UK>
<ind_PK_UK id="E528A3E5-DBF1-1933-1D43-62F2670011F6" name="UNITS_Planet_FK">
<createdBy>alumne</createdBy>
<createdTime>2022-05-10 19:15:01 UTC</createdTime>
<generatorID>30CC493C-E43F-2E50-F1FD-744998217615</generatorID>
<ownerDesignName>NuevoModelo_Alternativo</ownerDesignName>
<indexState>Foreign Key</indexState>
<isSurrogateKey>false</isSurrogateKey>
<indexColumnUsage>
<colUsage columnID="4487B71E-8538-286D-3952-A647B3E748E5"/>
</indexColumnUsage>
</ind_PK_UK>
</indexes>
</Table>
