<?xml version = '1.0' encoding = 'UTF-8'?>
<Relation class="oracle.dbtools.crest.model.design.logical.Relation" name="Relation_7" directorySegmentName="seg_0" id="1EF5C47E-C985-B4FF-718F-F63D62B8C577">
<createdBy>Albert</createdBy>
<createdTime>2022-05-07 12:54:22 UTC</createdTime>
<ownerDesignName>NuevoModelo_Ampliado</ownerDesignName>
<engineerTo>
<item key="1343D15C-3B40-E491-45C3-5C8F631A17DE" value="true"/>
</engineerTo>
<sourcePk>A874F3DC-32D5-BD04-86E0-F7E02CE1DB46</sourcePk>
<identifying>true</identifying>
<optionalSource>true</optionalSource>
<optionalTarget>false</optionalTarget>
<sourceCardinality>1</sourceCardinality>
<sourceEntity>E260CF62-546D-2237-9879-7F5FB3DA41AE</sourceEntity>
<targetCardinalityString>*</targetCardinalityString>
<targetEntity>1B1E5212-0585-73C0-49A3-3C2B3FA0FAB0</targetEntity>
<transferable>true</transferable>
<deleteRule>NO ACTION</deleteRule>
</Relation>
