<?xml version = '1.0' encoding = 'UTF-8'?>
<Table class="oracle.dbtools.crest.model.design.relational.Table" directorySegmentName="seg_0" id="95DCE8C5-4CD7-F105-548D-944F6A6D7C49" name="Enemy">
<createdBy>Albert</createdBy>
<createdTime>2022-05-07 13:00:45 UTC</createdTime>
<generatorID>3AEE14A3-69D6-4872-6C67-CC4E6C562C6C</generatorID>
<ownerDesignName>NuevoModelo_Ampliado</ownerDesignName>
<allowColumnReorder>false</allowColumnReorder>
<existDependencyGenerateInDDl>true</existDependencyGenerateInDDl>
<parsed>true</parsed>
<columns itemClass="oracle.dbtools.crest.model.design.relational.Column">
<Column name="ID_Enemy" id="3C56CD47-0D26-C2AD-3DD6-7239E864F4DA">
<createdBy>Albert</createdBy>
<createdTime>2022-05-07 13:00:45 UTC</createdTime>
<generatorID>CCDA6FDD-ADA3-EB30-A054-D0F8522E44E8</generatorID>
<ownerDesignName>NuevoModelo_Ampliado</ownerDesignName>
<useDomainConstraints>false</useDomainConstraints>
<use>1</use>
<logicalDatatype>LOGDT011</logicalDatatype>
<ownDataTypeParameters>,,</ownDataTypeParameters>
<autoIncrementCycle>false</autoIncrementCycle>
</Column>
</columns>
<indexes itemClass="oracle.dbtools.crest.model.design.relational.Index">
<ind_PK_UK id="7AD73C00-307D-8456-BAB3-789B184BA16A" name="Enemy_PK">
<createdBy>Albert</createdBy>
<createdTime>2022-05-07 13:00:45 UTC</createdTime>
<generatorID>68D614D7-9532-ECE4-D1A3-DFC73EF3FB8B</generatorID>
<ownerDesignName>NuevoModelo_Ampliado</ownerDesignName>
<pk>true</pk>
<indexState>Primary Constraint</indexState>
<isSurrogateKey>false</isSurrogateKey>
<indexColumnUsage>
<colUsage columnID="3C56CD47-0D26-C2AD-3DD6-7239E864F4DA"/>
</indexColumnUsage>
</ind_PK_UK>
</indexes>
</Table>
