<?xml version = '1.0' encoding = 'UTF-8'?>
<Entity class="oracle.dbtools.crest.model.design.logical.Entity" directorySegmentName="seg_0" id="3AEE14A3-69D6-4872-6C67-CC4E6C562C6C" name="Enemy">
<createdBy>Albert</createdBy>
<createdTime>2022-05-07 12:41:18 UTC</createdTime>
<ownerDesignName>NuevoModelo_Alternativo</ownerDesignName>
<engineerTo>
<item key="1343D15C-3B40-E491-45C3-5C8F631A17DE" value="true"/>
</engineerTo>
<adequatelyNormalized>NO</adequatelyNormalized>
<expectedVolumes>0</expectedVolumes>
<fwdEngineeringStrategyName>Single Table</fwdEngineeringStrategyName>
<growthPercent>0</growthPercent>
<growthType>Year</growthType>
<maxVolumes>9999999</maxVolumes>
<minVolumes>0</minVolumes>
<normalForm>Third</normalForm>
<attributes itemClass="oracle.dbtools.crest.model.design.logical.Attribute">
<Attribute name="ID Enemy" id="CCDA6FDD-ADA3-EB30-A054-D0F8522E44E8">
<createdBy>Albert</createdBy>
<createdTime>2022-05-07 12:41:24 UTC</createdTime>
<ownerDesignName>NuevoModelo_Alternativo</ownerDesignName>
<engineerTo>
<item key="1343D15C-3B40-E491-45C3-5C8F631A17DE" value="true"/>
</engineerTo>
<useDomainConstraints>false</useDomainConstraints>
<use>1</use>
<logicalDatatype>LOGDT011</logicalDatatype>
<ownDataTypeParameters>,,</ownDataTypeParameters>
</Attribute>
<Attribute name="name" id="CD614968-F277-33F3-7F80-D65F99F6E30B">
<createdBy>alumne</createdBy>
<createdTime>2022-05-09 15:46:02 UTC</createdTime>
<ownerDesignName>NuevoModelo_Alternativo</ownerDesignName>
<engineerTo>
<item key="1343D15C-3B40-E491-45C3-5C8F631A17DE" value="true"/>
</engineerTo>
<useDomainConstraints>false</useDomainConstraints>
<use>1</use>
<logicalDatatype>LOGDT024</logicalDatatype>
<dataTypeSize>30</dataTypeSize>
<ownDataTypeParameters>30,,</ownDataTypeParameters>
</Attribute>
<Attribute name="num LightHunter" id="704B4B90-4590-95E9-13A0-43D8685CEAA3">
<createdBy>alumne</createdBy>
<createdTime>2022-05-09 15:47:40 UTC</createdTime>
<ownerDesignName>NuevoModelo_Alternativo</ownerDesignName>
<engineerTo>
<item key="1343D15C-3B40-E491-45C3-5C8F631A17DE" value="true"/>
</engineerTo>
<nullsAllowed>true</nullsAllowed>
<useDomainConstraints>false</useDomainConstraints>
<use>1</use>
<logicalDatatype>LOGDT011</logicalDatatype>
<defaultValue>0</defaultValue>
<ownDataTypeParameters>,,</ownDataTypeParameters>
</Attribute>
<Attribute name="num HeavyHunter" id="4C87D6EF-47A4-5330-C746-87200584AAD4">
<createdBy>alumne</createdBy>
<createdTime>2022-05-09 15:47:40 UTC</createdTime>
<ownerDesignName>NuevoModelo_Alternativo</ownerDesignName>
<engineerTo>
<item key="1343D15C-3B40-E491-45C3-5C8F631A17DE" value="true"/>
</engineerTo>
<nullsAllowed>true</nullsAllowed>
<useDomainConstraints>false</useDomainConstraints>
<use>1</use>
<logicalDatatype>LOGDT011</logicalDatatype>
<defaultValue>0</defaultValue>
<ownDataTypeParameters>,,</ownDataTypeParameters>
</Attribute>
<Attribute name="num BattleShip" id="8E420AE3-F41C-3EAE-9AFA-F905476179D6">
<createdBy>alumne</createdBy>
<createdTime>2022-05-09 15:47:40 UTC</createdTime>
<ownerDesignName>NuevoModelo_Alternativo</ownerDesignName>
<engineerTo>
<item key="1343D15C-3B40-E491-45C3-5C8F631A17DE" value="true"/>
</engineerTo>
<nullsAllowed>true</nullsAllowed>
<useDomainConstraints>false</useDomainConstraints>
<use>1</use>
<logicalDatatype>LOGDT011</logicalDatatype>
<defaultValue>0</defaultValue>
<ownDataTypeParameters>,,</ownDataTypeParameters>
</Attribute>
<Attribute name="num ArmoredShip" id="9EB915D3-DAA8-0F8F-CC2C-617A82BDCA35">
<createdBy>alumne</createdBy>
<createdTime>2022-05-09 15:47:40 UTC</createdTime>
<ownerDesignName>NuevoModelo_Alternativo</ownerDesignName>
<engineerTo>
<item key="1343D15C-3B40-E491-45C3-5C8F631A17DE" value="true"/>
</engineerTo>
<nullsAllowed>true</nullsAllowed>
<useDomainConstraints>false</useDomainConstraints>
<use>1</use>
<logicalDatatype>LOGDT011</logicalDatatype>
<defaultValue>0</defaultValue>
<ownDataTypeParameters>,,</ownDataTypeParameters>
</Attribute>
<Attribute name="current LevelDefense" id="30CD5AC7-6787-A468-3175-B7EF4E479DC2">
<createdBy>alumne</createdBy>
<createdTime>2022-05-09 15:47:40 UTC</createdTime>
<ownerDesignName>NuevoModelo_Alternativo</ownerDesignName>
<engineerTo>
<item key="1343D15C-3B40-E491-45C3-5C8F631A17DE" value="true"/>
</engineerTo>
<useDomainConstraints>false</useDomainConstraints>
<use>1</use>
<logicalDatatype>LOGDT011</logicalDatatype>
<ownDataTypeParameters>,,</ownDataTypeParameters>
</Attribute>
<Attribute name="current LevelAttack" id="6CE62B8D-9C15-A648-5A7F-91120F0F6FB0">
<createdBy>alumne</createdBy>
<createdTime>2022-05-09 15:47:40 UTC</createdTime>
<ownerDesignName>NuevoModelo_Alternativo</ownerDesignName>
<engineerTo>
<item key="1343D15C-3B40-E491-45C3-5C8F631A17DE" value="true"/>
</engineerTo>
<useDomainConstraints>false</useDomainConstraints>
<use>1</use>
<logicalDatatype>LOGDT011</logicalDatatype>
<ownDataTypeParameters>,,</ownDataTypeParameters>
</Attribute>
<Attribute name="quantity Metal" id="F090ED5C-43FC-7F5C-3774-1B9753139553">
<createdBy>alumne</createdBy>
<createdTime>2022-05-09 16:09:02 UTC</createdTime>
<generatorID>1279DF61-7143-4764-3A8F-D670401AAB9E</generatorID>
<ownerDesignName>NuevoModelo_Alternativo</ownerDesignName>
<engineerTo>
<item key="1343D15C-3B40-E491-45C3-5C8F631A17DE" value="true"/>
</engineerTo>
<nullsAllowed>true</nullsAllowed>
<useDomainConstraints>false</useDomainConstraints>
<use>1</use>
<logicalDatatype>LOGDT011</logicalDatatype>
<defaultValue>0</defaultValue>
<ownDataTypeParameters>,,</ownDataTypeParameters>
</Attribute>
<Attribute name="quantity Crystal" id="BA66C49E-236B-2DA2-ABE3-ED1BC346B551">
<createdBy>alumne</createdBy>
<createdTime>2022-05-09 16:09:02 UTC</createdTime>
<generatorID>E6761FC9-6F1A-954C-80E7-6B81DC0084F4</generatorID>
<ownerDesignName>NuevoModelo_Alternativo</ownerDesignName>
<engineerTo>
<item key="1343D15C-3B40-E491-45C3-5C8F631A17DE" value="true"/>
</engineerTo>
<nullsAllowed>true</nullsAllowed>
<useDomainConstraints>false</useDomainConstraints>
<use>1</use>
<logicalDatatype>LOGDT011</logicalDatatype>
<defaultValue>0</defaultValue>
<ownDataTypeParameters>,,</ownDataTypeParameters>
</Attribute>
<Attribute name="quantity Deuterium" id="4CF9D7C4-9A01-362F-A239-4FA9EFD2B1BC">
<createdBy>alumne</createdBy>
<createdTime>2022-05-09 16:09:02 UTC</createdTime>
<generatorID>12049ECD-34FA-E51D-8F24-E05EDBF6E5DA</generatorID>
<ownerDesignName>NuevoModelo_Alternativo</ownerDesignName>
<engineerTo>
<item key="1343D15C-3B40-E491-45C3-5C8F631A17DE" value="true"/>
</engineerTo>
<nullsAllowed>true</nullsAllowed>
<useDomainConstraints>false</useDomainConstraints>
<use>1</use>
<logicalDatatype>LOGDT011</logicalDatatype>
<defaultValue>0</defaultValue>
<ownDataTypeParameters>,,</ownDataTypeParameters>
</Attribute>
</attributes>
<identifiers itemClass="oracle.dbtools.crest.model.design.logical.CandidateKey">
<identifier id="68D614D7-9532-ECE4-D1A3-DFC73EF3FB8B" name="Enemy_PK">
<createdBy>Albert</createdBy>
<createdTime>2022-05-07 12:41:47 UTC</createdTime>
<ownerDesignName>NuevoModelo_Alternativo</ownerDesignName>
<shouldEngineer>false</shouldEngineer>
<engineerTo>
<item key="1343D15C-3B40-E491-45C3-5C8F631A17DE" value="false"/>
</engineerTo>
<pk>true</pk>
<newElementsIDs>CCDA6FDD-ADA3-EB30-A054-D0F8522E44E8</newElementsIDs>
<usedAttributes>
<attributeRef>CCDA6FDD-ADA3-EB30-A054-D0F8522E44E8</attributeRef>
</usedAttributes>
</identifier>
<identifier id="507864B8-161A-5CE4-C57A-6836EEC9480B" name="Enemy_name_UN">
<createdBy>alumne</createdBy>
<createdTime>2022-05-09 16:09:07 UTC</createdTime>
<ownerDesignName>NuevoModelo_Alternativo</ownerDesignName>
<shouldEngineer>false</shouldEngineer>
<engineerTo>
<item key="1343D15C-3B40-E491-45C3-5C8F631A17DE" value="false"/>
</engineerTo>
<newElementsIDs>CD614968-F277-33F3-7F80-D65F99F6E30B</newElementsIDs>
<usedAttributes>
<attributeRef>CD614968-F277-33F3-7F80-D65F99F6E30B</attributeRef>
</usedAttributes>
</identifier>
<identifier id="915FB269-A96C-5D67-19E4-D11B824279B1" name="Enemy_ID_Enemy_UN">
<createdBy>alumne</createdBy>
<createdTime>2022-05-09 18:17:25 UTC</createdTime>
<generatorID>7D4AD2EF-DB93-9FA6-C61B-DC55673A383B</generatorID>
<ownerDesignName>NuevoModelo_Alternativo</ownerDesignName>
<engineerTo>
<item key="1343D15C-3B40-E491-45C3-5C8F631A17DE" value="true"/>
</engineerTo>
<usedAttributes>
<attributeRef>CCDA6FDD-ADA3-EB30-A054-D0F8522E44E8</attributeRef>
</usedAttributes>
</identifier>
</identifiers>
</Entity>
