<?xml version = '1.0' encoding = 'UTF-8'?>
<Relation class="oracle.dbtools.crest.model.design.logical.Relation" name="Relation_2" directorySegmentName="seg_0" id="6410BC16-8499-8734-2142-4F0583248BD3">
<createdBy>Albert</createdBy>
<createdTime>2022-05-07 11:55:39 UTC</createdTime>
<ownerDesignName>NuevoModelo_Ampliado</ownerDesignName>
<engineerTo>
<item key="1343D15C-3B40-E491-45C3-5C8F631A17DE" value="true"/>
</engineerTo>
<sourcePk>B40BB062-7342-E489-7658-D366815292D9</sourcePk>
<identifying>true</identifying>
<optionalSource>true</optionalSource>
<optionalTarget>false</optionalTarget>
<sourceCardinality>1</sourceCardinality>
<sourceEntity>EEA4C304-4AFC-3202-A8E5-0DC4DC0F6BE5</sourceEntity>
<targetCardinalityString>*</targetCardinalityString>
<targetEntity>1E4A2CC3-1CC6-C056-2B1A-4833468F7728</targetEntity>
<transferable>true</transferable>
<deleteRule>NO ACTION</deleteRule>
</Relation>
