<?xml version = '1.0' encoding = 'UTF-8'?>
<Entity class="oracle.dbtools.crest.model.design.logical.Entity" directorySegmentName="seg_0" id="1E4A2CC3-1CC6-C056-2B1A-4833468F7728" name="Battle">
<createdBy>Albert</createdBy>
<createdTime>2022-05-07 10:50:02 UTC</createdTime>
<ownerDesignName>NuevoModelo</ownerDesignName>
<engineerTo>
<item key="1343D15C-3B40-E491-45C3-5C8F631A17DE" value="true"/>
</engineerTo>
<adequatelyNormalized>NO</adequatelyNormalized>
<expectedVolumes>0</expectedVolumes>
<fwdEngineeringStrategyName>Single Table</fwdEngineeringStrategyName>
<growthPercent>0</growthPercent>
<growthType>Year</growthType>
<maxVolumes>9999999</maxVolumes>
<minVolumes>0</minVolumes>
<normalForm>Third</normalForm>
<attributes itemClass="oracle.dbtools.crest.model.design.logical.Attribute">
<Attribute name="ID Battle" id="3A5A2215-7F1A-8723-9C4F-1F75487237ED">
<createdBy>Albert</createdBy>
<createdTime>2022-05-07 10:50:27 UTC</createdTime>
<ownerDesignName>NuevoModelo</ownerDesignName>
<engineerTo>
<item key="1343D15C-3B40-E491-45C3-5C8F631A17DE" value="true"/>
</engineerTo>
<useDomainConstraints>false</useDomainConstraints>
<use>1</use>
<logicalDatatype>LOGDT011</logicalDatatype>
<ownDataTypeParameters>,,</ownDataTypeParameters>
</Attribute>
<Attribute name="User ID User" id="FA833A99-5012-8F7F-30C0-B002DE77EDF5">
<createdBy>Albert</createdBy>
<createdTime>2022-05-07 11:55:39 UTC</createdTime>
<generatorID>6410BC16-8499-8734-2142-4F0583248BD3</generatorID>
<ownerDesignName>NuevoModelo</ownerDesignName>
<engineerTo>
<item key="1343D15C-3B40-E491-45C3-5C8F631A17DE" value="true"/>
</engineerTo>
<referedAttribute>464E4531-9CBD-FD74-FE6C-F8741911903E</referedAttribute>
<useDomainConstraints>false</useDomainConstraints>
<use>1</use>
<logicalDatatype>LOGDT011</logicalDatatype>
<ownDataTypeParameters>,,</ownDataTypeParameters>
</Attribute>
<Attribute name="Enemy ID Enemy" id="6AE4DF2C-B1AF-4C59-C919-A0737EA35884">
<createdBy>Albert</createdBy>
<createdTime>2022-05-07 13:01:54 UTC</createdTime>
<generatorID>76D3E3B5-2172-86E9-6D12-3B8646AAEE17</generatorID>
<ownerDesignName>NuevoModelo</ownerDesignName>
<engineerTo>
<item key="1343D15C-3B40-E491-45C3-5C8F631A17DE" value="true"/>
</engineerTo>
<referedAttribute>CCDA6FDD-ADA3-EB30-A054-D0F8522E44E8</referedAttribute>
<useDomainConstraints>false</useDomainConstraints>
<use>1</use>
<logicalDatatype>LOGDT011</logicalDatatype>
<ownDataTypeParameters>,,</ownDataTypeParameters>
</Attribute>
<Attribute name="report StepbyStep" id="07721508-FECE-9EAF-42AA-0E97F39EBF54">
<createdBy>alumne</createdBy>
<createdTime>2022-05-08 11:17:16 UTC</createdTime>
<generatorID>0B095D5F-044F-F3F8-DBBE-3F117407E626</generatorID>
<ownerDesignName>NuevoModelo</ownerDesignName>
<engineerTo>
<item key="1343D15C-3B40-E491-45C3-5C8F631A17DE" value="true"/>
</engineerTo>
<useDomainConstraints>false</useDomainConstraints>
<use>1</use>
<logicalDatatype>LogDes-1768A872-F385-FDBA-D95E-0CB63F5908E2@LOGDT10045</logicalDatatype>
<ownDataTypeParameters>,,</ownDataTypeParameters>
</Attribute>
<Attribute name="user Winner" id="CE6A23F1-B9C0-7217-3F89-BB339C292C48">
<createdBy>alumne</createdBy>
<createdTime>2022-05-08 11:17:16 UTC</createdTime>
<generatorID>388BF1FD-2C84-1A89-C6C2-205593EB4C1E</generatorID>
<ownerDesignName>NuevoModelo</ownerDesignName>
<engineerTo>
<item key="1343D15C-3B40-E491-45C3-5C8F631A17DE" value="true"/>
</engineerTo>
<useDomainConstraints>false</useDomainConstraints>
<use>1</use>
<logicalDatatype>LOGDT011</logicalDatatype>
<ownDataTypeParameters>,,</ownDataTypeParameters>
</Attribute>
<Attribute name="waste Metal" id="F269B88F-F605-2712-C2F5-4523472EEFC4">
<createdBy>alumne</createdBy>
<createdTime>2022-05-08 11:17:16 UTC</createdTime>
<generatorID>9B145455-4F84-9D14-A5B9-38601781C12D</generatorID>
<ownerDesignName>NuevoModelo</ownerDesignName>
<engineerTo>
<item key="1343D15C-3B40-E491-45C3-5C8F631A17DE" value="true"/>
</engineerTo>
<useDomainConstraints>false</useDomainConstraints>
<use>1</use>
<logicalDatatype>LOGDT019</logicalDatatype>
<ownDataTypeParameters>,,</ownDataTypeParameters>
</Attribute>
<Attribute name="waste Deuterium" id="C58A3F7B-52C0-E47A-EE15-E199BBDC1EFE">
<createdBy>alumne</createdBy>
<createdTime>2022-05-08 11:17:16 UTC</createdTime>
<generatorID>CDE48CFE-8E8F-E07E-C7BD-AB4D30F2A4AD</generatorID>
<ownerDesignName>NuevoModelo</ownerDesignName>
<engineerTo>
<item key="1343D15C-3B40-E491-45C3-5C8F631A17DE" value="true"/>
</engineerTo>
<useDomainConstraints>false</useDomainConstraints>
<use>1</use>
<logicalDatatype>LOGDT019</logicalDatatype>
<ownDataTypeParameters>,,</ownDataTypeParameters>
</Attribute>
<Attribute name="UI LightHunter" id="83902E15-D2C6-B832-7FA9-895195FFB400">
<createdBy>Albert</createdBy>
<createdTime>2022-05-07 11:29:00 UTC</createdTime>
<ownerDesignName>NuevoModelo</ownerDesignName>
<engineerTo>
<item key="1343D15C-3B40-E491-45C3-5C8F631A17DE" value="true"/>
</engineerTo>
<nullsAllowed>true</nullsAllowed>
<useDomainConstraints>false</useDomainConstraints>
<use>1</use>
<logicalDatatype>LOGDT011</logicalDatatype>
<defaultValue>0</defaultValue>
<ownDataTypeParameters>,,</ownDataTypeParameters>
</Attribute>
<Attribute name="UI HeavyHunter" id="4DC9F438-33DD-83A2-BBEC-417426E571EF">
<createdBy>Albert</createdBy>
<createdTime>2022-05-07 11:29:05 UTC</createdTime>
<ownerDesignName>NuevoModelo</ownerDesignName>
<engineerTo>
<item key="1343D15C-3B40-E491-45C3-5C8F631A17DE" value="true"/>
</engineerTo>
<nullsAllowed>true</nullsAllowed>
<useDomainConstraints>false</useDomainConstraints>
<use>1</use>
<logicalDatatype>LOGDT011</logicalDatatype>
<defaultValue>0</defaultValue>
<ownDataTypeParameters>,,</ownDataTypeParameters>
</Attribute>
<Attribute name="UI BattleShip" id="8044EC12-A779-BAE8-2308-2AFC7293C67C">
<createdBy>Albert</createdBy>
<createdTime>2022-05-07 11:29:06 UTC</createdTime>
<ownerDesignName>NuevoModelo</ownerDesignName>
<engineerTo>
<item key="1343D15C-3B40-E491-45C3-5C8F631A17DE" value="true"/>
</engineerTo>
<nullsAllowed>true</nullsAllowed>
<useDomainConstraints>false</useDomainConstraints>
<use>1</use>
<logicalDatatype>LOGDT011</logicalDatatype>
<defaultValue>0</defaultValue>
<ownDataTypeParameters>,,</ownDataTypeParameters>
</Attribute>
<Attribute name="UI ArmoredShip" id="623C3FCE-0A5A-D673-17E0-EFB539C083FD">
<createdBy>Albert</createdBy>
<createdTime>2022-05-07 11:29:06 UTC</createdTime>
<ownerDesignName>NuevoModelo</ownerDesignName>
<engineerTo>
<item key="1343D15C-3B40-E491-45C3-5C8F631A17DE" value="true"/>
</engineerTo>
<nullsAllowed>true</nullsAllowed>
<useDomainConstraints>false</useDomainConstraints>
<use>1</use>
<logicalDatatype>LOGDT011</logicalDatatype>
<defaultValue>0</defaultValue>
<ownDataTypeParameters>,,</ownDataTypeParameters>
</Attribute>
<Attribute name="UI MissileLauncher" id="70E503AB-6443-8D8F-4F25-99AE3477E431">
<createdBy>Albert</createdBy>
<createdTime>2022-05-07 11:29:07 UTC</createdTime>
<ownerDesignName>NuevoModelo</ownerDesignName>
<engineerTo>
<item key="1343D15C-3B40-E491-45C3-5C8F631A17DE" value="true"/>
</engineerTo>
<nullsAllowed>true</nullsAllowed>
<useDomainConstraints>false</useDomainConstraints>
<use>1</use>
<logicalDatatype>LOGDT011</logicalDatatype>
<defaultValue>0</defaultValue>
<ownDataTypeParameters>,,</ownDataTypeParameters>
</Attribute>
<Attribute name="UI IonCannon" id="E1E808A9-EAF1-EFAB-2CDF-AA1AA30E0373">
<createdBy>Albert</createdBy>
<createdTime>2022-05-07 11:28:14 UTC</createdTime>
<ownerDesignName>NuevoModelo</ownerDesignName>
<engineerTo>
<item key="1343D15C-3B40-E491-45C3-5C8F631A17DE" value="true"/>
</engineerTo>
<nullsAllowed>true</nullsAllowed>
<useDomainConstraints>false</useDomainConstraints>
<use>1</use>
<logicalDatatype>LOGDT011</logicalDatatype>
<defaultValue>0</defaultValue>
<ownDataTypeParameters>,,</ownDataTypeParameters>
</Attribute>
<Attribute name="UI PlasmaCannon" id="0E6DCE9C-2C57-AE06-3365-0137108575E0">
<createdBy>Albert</createdBy>
<createdTime>2022-05-07 11:29:08 UTC</createdTime>
<ownerDesignName>NuevoModelo</ownerDesignName>
<engineerTo>
<item key="1343D15C-3B40-E491-45C3-5C8F631A17DE" value="true"/>
</engineerTo>
<nullsAllowed>true</nullsAllowed>
<useDomainConstraints>false</useDomainConstraints>
<use>1</use>
<logicalDatatype>LOGDT011</logicalDatatype>
<defaultValue>0</defaultValue>
<ownDataTypeParameters>,,</ownDataTypeParameters>
</Attribute>
<Attribute name="UF LightHunter" id="30D6A83E-C3B2-AFD1-0ADD-5B50708A5599">
<createdBy>Albert</createdBy>
<createdTime>2022-05-07 11:29:09 UTC</createdTime>
<ownerDesignName>NuevoModelo</ownerDesignName>
<engineerTo>
<item key="1343D15C-3B40-E491-45C3-5C8F631A17DE" value="true"/>
</engineerTo>
<nullsAllowed>true</nullsAllowed>
<useDomainConstraints>false</useDomainConstraints>
<use>1</use>
<logicalDatatype>LOGDT011</logicalDatatype>
<defaultValue>0</defaultValue>
<ownDataTypeParameters>,,</ownDataTypeParameters>
</Attribute>
<Attribute name="UF HeavyHunter" id="C4C9DAD4-F856-662D-49F5-2EBA90047440">
<createdBy>Albert</createdBy>
<createdTime>2022-05-07 11:29:19 UTC</createdTime>
<ownerDesignName>NuevoModelo</ownerDesignName>
<engineerTo>
<item key="1343D15C-3B40-E491-45C3-5C8F631A17DE" value="true"/>
</engineerTo>
<nullsAllowed>true</nullsAllowed>
<useDomainConstraints>false</useDomainConstraints>
<use>1</use>
<logicalDatatype>LOGDT011</logicalDatatype>
<defaultValue>0</defaultValue>
<ownDataTypeParameters>,,</ownDataTypeParameters>
</Attribute>
<Attribute name="UF BattleShip" id="62F79974-17E4-F1B0-FF8F-4C24D8DDFED2">
<createdBy>Albert</createdBy>
<createdTime>2022-05-07 11:29:19 UTC</createdTime>
<ownerDesignName>NuevoModelo</ownerDesignName>
<engineerTo>
<item key="1343D15C-3B40-E491-45C3-5C8F631A17DE" value="true"/>
</engineerTo>
<nullsAllowed>true</nullsAllowed>
<useDomainConstraints>false</useDomainConstraints>
<use>1</use>
<logicalDatatype>LOGDT011</logicalDatatype>
<defaultValue>0</defaultValue>
<ownDataTypeParameters>,,</ownDataTypeParameters>
</Attribute>
<Attribute name="UF ArmoredShip" id="04413105-C642-ADD0-F658-5DC93D7324B4">
<createdBy>Albert</createdBy>
<createdTime>2022-05-07 11:29:20 UTC</createdTime>
<ownerDesignName>NuevoModelo</ownerDesignName>
<engineerTo>
<item key="1343D15C-3B40-E491-45C3-5C8F631A17DE" value="true"/>
</engineerTo>
<nullsAllowed>true</nullsAllowed>
<useDomainConstraints>false</useDomainConstraints>
<use>1</use>
<logicalDatatype>LOGDT011</logicalDatatype>
<defaultValue>0</defaultValue>
<ownDataTypeParameters>,,</ownDataTypeParameters>
</Attribute>
<Attribute name="UF MissileLauncher" id="020D4716-4D7B-5832-C438-1C76501B01D5">
<createdBy>Albert</createdBy>
<createdTime>2022-05-07 11:29:20 UTC</createdTime>
<ownerDesignName>NuevoModelo</ownerDesignName>
<engineerTo>
<item key="1343D15C-3B40-E491-45C3-5C8F631A17DE" value="true"/>
</engineerTo>
<nullsAllowed>true</nullsAllowed>
<useDomainConstraints>false</useDomainConstraints>
<use>1</use>
<logicalDatatype>LOGDT011</logicalDatatype>
<defaultValue>0</defaultValue>
<ownDataTypeParameters>,,</ownDataTypeParameters>
</Attribute>
<Attribute name="UF IonCannon" id="2874C378-3D3C-E3CD-1033-7027E6B5B6AD">
<createdBy>Albert</createdBy>
<createdTime>2022-05-07 11:29:20 UTC</createdTime>
<ownerDesignName>NuevoModelo</ownerDesignName>
<engineerTo>
<item key="1343D15C-3B40-E491-45C3-5C8F631A17DE" value="true"/>
</engineerTo>
<nullsAllowed>true</nullsAllowed>
<useDomainConstraints>false</useDomainConstraints>
<use>1</use>
<logicalDatatype>LOGDT011</logicalDatatype>
<defaultValue>0</defaultValue>
<ownDataTypeParameters>,,</ownDataTypeParameters>
</Attribute>
<Attribute name="UF PlasmaCannon" id="6C989D55-A55F-689F-8963-6B2E4A1FAF10">
<createdBy>Albert</createdBy>
<createdTime>2022-05-07 11:29:21 UTC</createdTime>
<ownerDesignName>NuevoModelo</ownerDesignName>
<engineerTo>
<item key="1343D15C-3B40-E491-45C3-5C8F631A17DE" value="true"/>
</engineerTo>
<nullsAllowed>true</nullsAllowed>
<useDomainConstraints>false</useDomainConstraints>
<use>1</use>
<logicalDatatype>LOGDT011</logicalDatatype>
<defaultValue>0</defaultValue>
<ownDataTypeParameters>,,</ownDataTypeParameters>
</Attribute>
<Attribute name="EI LightHunter" id="AC911A5E-4775-61DD-2D44-1A5B4D4B43B4">
<createdBy>Albert</createdBy>
<createdTime>2022-05-07 11:29:33 UTC</createdTime>
<ownerDesignName>NuevoModelo</ownerDesignName>
<engineerTo>
<item key="1343D15C-3B40-E491-45C3-5C8F631A17DE" value="true"/>
</engineerTo>
<nullsAllowed>true</nullsAllowed>
<useDomainConstraints>false</useDomainConstraints>
<use>1</use>
<logicalDatatype>LOGDT011</logicalDatatype>
<defaultValue>0</defaultValue>
<ownDataTypeParameters>,,</ownDataTypeParameters>
</Attribute>
<Attribute name="EI HeavyHunter" id="C45DC696-C370-BCC6-4636-4B0080D732B4">
<createdBy>Albert</createdBy>
<createdTime>2022-05-07 11:29:45 UTC</createdTime>
<ownerDesignName>NuevoModelo</ownerDesignName>
<engineerTo>
<item key="1343D15C-3B40-E491-45C3-5C8F631A17DE" value="true"/>
</engineerTo>
<nullsAllowed>true</nullsAllowed>
<useDomainConstraints>false</useDomainConstraints>
<use>1</use>
<logicalDatatype>LOGDT011</logicalDatatype>
<defaultValue>0</defaultValue>
<ownDataTypeParameters>,,</ownDataTypeParameters>
</Attribute>
<Attribute name="EI BattleShip" id="B845B067-8582-EEF7-F2A0-37FC581DA880">
<createdBy>Albert</createdBy>
<createdTime>2022-05-07 11:29:46 UTC</createdTime>
<ownerDesignName>NuevoModelo</ownerDesignName>
<engineerTo>
<item key="1343D15C-3B40-E491-45C3-5C8F631A17DE" value="true"/>
</engineerTo>
<nullsAllowed>true</nullsAllowed>
<useDomainConstraints>false</useDomainConstraints>
<use>1</use>
<logicalDatatype>LOGDT011</logicalDatatype>
<defaultValue>0</defaultValue>
<ownDataTypeParameters>,,</ownDataTypeParameters>
</Attribute>
<Attribute name="EI ArmoredShip" id="E158A1BA-427A-32E5-7DF2-7AE549C8ADC7">
<createdBy>Albert</createdBy>
<createdTime>2022-05-07 11:29:46 UTC</createdTime>
<ownerDesignName>NuevoModelo</ownerDesignName>
<engineerTo>
<item key="1343D15C-3B40-E491-45C3-5C8F631A17DE" value="true"/>
</engineerTo>
<nullsAllowed>true</nullsAllowed>
<useDomainConstraints>false</useDomainConstraints>
<use>1</use>
<logicalDatatype>LOGDT011</logicalDatatype>
<defaultValue>0</defaultValue>
<ownDataTypeParameters>,,</ownDataTypeParameters>
</Attribute>
<Attribute name="EI MissileLauncher" id="F0F80872-277F-CEC2-C47D-F0FF35C258F6">
<createdBy>Albert</createdBy>
<createdTime>2022-05-07 11:29:46 UTC</createdTime>
<ownerDesignName>NuevoModelo</ownerDesignName>
<engineerTo>
<item key="1343D15C-3B40-E491-45C3-5C8F631A17DE" value="true"/>
</engineerTo>
<nullsAllowed>true</nullsAllowed>
<useDomainConstraints>false</useDomainConstraints>
<use>1</use>
<logicalDatatype>LOGDT011</logicalDatatype>
<defaultValue>0</defaultValue>
<ownDataTypeParameters>,,</ownDataTypeParameters>
</Attribute>
<Attribute name="EI IonCannon" id="92DBE9AD-E9DF-F915-435A-AE458D386A47">
<createdBy>Albert</createdBy>
<createdTime>2022-05-07 11:29:47 UTC</createdTime>
<ownerDesignName>NuevoModelo</ownerDesignName>
<engineerTo>
<item key="1343D15C-3B40-E491-45C3-5C8F631A17DE" value="true"/>
</engineerTo>
<nullsAllowed>true</nullsAllowed>
<useDomainConstraints>false</useDomainConstraints>
<use>1</use>
<logicalDatatype>LOGDT011</logicalDatatype>
<defaultValue>0</defaultValue>
<ownDataTypeParameters>,,</ownDataTypeParameters>
</Attribute>
<Attribute name="EI PlasmaCannon" id="9DCFA612-7B77-0DEB-24C9-24B4E8F60451">
<createdBy>Albert</createdBy>
<createdTime>2022-05-07 11:29:47 UTC</createdTime>
<ownerDesignName>NuevoModelo</ownerDesignName>
<engineerTo>
<item key="1343D15C-3B40-E491-45C3-5C8F631A17DE" value="true"/>
</engineerTo>
<nullsAllowed>true</nullsAllowed>
<useDomainConstraints>false</useDomainConstraints>
<use>1</use>
<logicalDatatype>LOGDT011</logicalDatatype>
<defaultValue>0</defaultValue>
<ownDataTypeParameters>,,</ownDataTypeParameters>
</Attribute>
<Attribute name="EF LightHunter" id="6299FF8B-9698-520B-992F-A89826AD2008">
<createdBy>Albert</createdBy>
<createdTime>2022-05-07 11:29:51 UTC</createdTime>
<ownerDesignName>NuevoModelo</ownerDesignName>
<engineerTo>
<item key="1343D15C-3B40-E491-45C3-5C8F631A17DE" value="true"/>
</engineerTo>
<nullsAllowed>true</nullsAllowed>
<useDomainConstraints>false</useDomainConstraints>
<use>1</use>
<logicalDatatype>LOGDT011</logicalDatatype>
<defaultValue>0</defaultValue>
<ownDataTypeParameters>,,</ownDataTypeParameters>
</Attribute>
<Attribute name="EF HeavyHunter" id="1980A86F-CD00-CA26-457B-4A94687BACA5">
<createdBy>Albert</createdBy>
<createdTime>2022-05-07 11:30:22 UTC</createdTime>
<ownerDesignName>NuevoModelo</ownerDesignName>
<engineerTo>
<item key="1343D15C-3B40-E491-45C3-5C8F631A17DE" value="true"/>
</engineerTo>
<nullsAllowed>true</nullsAllowed>
<useDomainConstraints>false</useDomainConstraints>
<use>1</use>
<logicalDatatype>LOGDT011</logicalDatatype>
<defaultValue>0</defaultValue>
<ownDataTypeParameters>,,</ownDataTypeParameters>
</Attribute>
<Attribute name="EF BattleShip" id="AD37A215-6B1D-261D-0482-633E1BD6966F">
<createdBy>Albert</createdBy>
<createdTime>2022-05-07 11:30:23 UTC</createdTime>
<ownerDesignName>NuevoModelo</ownerDesignName>
<engineerTo>
<item key="1343D15C-3B40-E491-45C3-5C8F631A17DE" value="true"/>
</engineerTo>
<nullsAllowed>true</nullsAllowed>
<useDomainConstraints>false</useDomainConstraints>
<use>1</use>
<logicalDatatype>LOGDT011</logicalDatatype>
<defaultValue>0</defaultValue>
<ownDataTypeParameters>,,</ownDataTypeParameters>
</Attribute>
<Attribute name="EF ArmoredShip" id="24E4399F-B11D-5900-F2AF-19A44ED3DA4F">
<createdBy>Albert</createdBy>
<createdTime>2022-05-07 11:30:23 UTC</createdTime>
<ownerDesignName>NuevoModelo</ownerDesignName>
<engineerTo>
<item key="1343D15C-3B40-E491-45C3-5C8F631A17DE" value="true"/>
</engineerTo>
<nullsAllowed>true</nullsAllowed>
<useDomainConstraints>false</useDomainConstraints>
<use>1</use>
<logicalDatatype>LOGDT011</logicalDatatype>
<defaultValue>0</defaultValue>
<ownDataTypeParameters>,,</ownDataTypeParameters>
</Attribute>
<Attribute name="EF MissileLauncher" id="3924A12D-BB88-C061-8047-3B077D2C9E17">
<createdBy>Albert</createdBy>
<createdTime>2022-05-07 11:30:23 UTC</createdTime>
<ownerDesignName>NuevoModelo</ownerDesignName>
<engineerTo>
<item key="1343D15C-3B40-E491-45C3-5C8F631A17DE" value="true"/>
</engineerTo>
<nullsAllowed>true</nullsAllowed>
<useDomainConstraints>false</useDomainConstraints>
<use>1</use>
<logicalDatatype>LOGDT011</logicalDatatype>
<defaultValue>0</defaultValue>
<ownDataTypeParameters>,,</ownDataTypeParameters>
</Attribute>
<Attribute name="EF IonCannon" id="70252AEC-D0C9-BC63-82CB-1179E19BDB31">
<createdBy>Albert</createdBy>
<createdTime>2022-05-07 11:30:24 UTC</createdTime>
<ownerDesignName>NuevoModelo</ownerDesignName>
<engineerTo>
<item key="1343D15C-3B40-E491-45C3-5C8F631A17DE" value="true"/>
</engineerTo>
<nullsAllowed>true</nullsAllowed>
<useDomainConstraints>false</useDomainConstraints>
<use>1</use>
<logicalDatatype>LOGDT011</logicalDatatype>
<defaultValue>0</defaultValue>
<ownDataTypeParameters>,,</ownDataTypeParameters>
</Attribute>
<Attribute name="EF PlasmaCannon" id="EED0D885-23BB-3581-1166-CC8DE66C1AB4">
<createdBy>Albert</createdBy>
<createdTime>2022-05-07 11:30:25 UTC</createdTime>
<ownerDesignName>NuevoModelo</ownerDesignName>
<engineerTo>
<item key="1343D15C-3B40-E491-45C3-5C8F631A17DE" value="true"/>
</engineerTo>
<nullsAllowed>true</nullsAllowed>
<useDomainConstraints>false</useDomainConstraints>
<use>1</use>
<logicalDatatype>LOGDT011</logicalDatatype>
<defaultValue>0</defaultValue>
<ownDataTypeParameters>,,</ownDataTypeParameters>
</Attribute>
<Attribute name="Planet ID Planet" id="53705B6B-D4B5-BC16-4258-4E28E9682FEC">
<createdBy>alumne</createdBy>
<createdTime>2022-05-09 15:40:08 UTC</createdTime>
<generatorID>9FDD1FE9-7435-75C0-B458-5ED91DF6803A</generatorID>
<ownerDesignName>NuevoModelo</ownerDesignName>
<engineerTo>
<item key="1343D15C-3B40-E491-45C3-5C8F631A17DE" value="true"/>
</engineerTo>
<referedAttribute>64DF48F0-A271-B873-75B5-ADED0517DEA5</referedAttribute>
<useDomainConstraints>false</useDomainConstraints>
<use>1</use>
<logicalDatatype>LOGDT011</logicalDatatype>
<ownDataTypeParameters>,,</ownDataTypeParameters>
</Attribute>
<Attribute name="enemy Winner" id="236625EA-3A97-721A-DF05-134C4B9AD08B">
<createdBy>alumne</createdBy>
<createdTime>2022-05-14 21:03:39 UTC</createdTime>
<generatorID>C4305175-B4D0-4094-E395-85643D55A1FB</generatorID>
<ownerDesignName>NuevoModelo</ownerDesignName>
<engineerTo>
<item key="1343D15C-3B40-E491-45C3-5C8F631A17DE" value="true"/>
</engineerTo>
<useDomainConstraints>false</useDomainConstraints>
<use>1</use>
<logicalDatatype>LOGDT011</logicalDatatype>
<ownDataTypeParameters>,,</ownDataTypeParameters>
</Attribute>
</attributes>
<identifiers itemClass="oracle.dbtools.crest.model.design.logical.CandidateKey">
<identifier id="E64BE4D1-4AB3-3C10-373D-288E8A529176" name="Battle_PK">
<createdBy>Albert</createdBy>
<createdTime>2022-05-07 11:39:26 UTC</createdTime>
<ownerDesignName>NuevoModelo</ownerDesignName>
<shouldEngineer>false</shouldEngineer>
<engineerTo>
<item key="1343D15C-3B40-E491-45C3-5C8F631A17DE" value="false"/>
</engineerTo>
<pk>true</pk>
<newElementsIDs>3A5A2215-7F1A-8723-9C4F-1F75487237ED</newElementsIDs>
<usedAttributes>
<attributeRef>3A5A2215-7F1A-8723-9C4F-1F75487237ED</attributeRef>
</usedAttributes>
</identifier>
<identifier id="D1BB50A3-D8FF-FD15-0687-75522AFA3B9F" name="Battle_ID_Battle_UN">
<createdBy>alumne</createdBy>
<createdTime>2022-05-09 17:56:55 UTC</createdTime>
<ownerDesignName>NuevoModelo</ownerDesignName>
<engineerTo>
<item key="1343D15C-3B40-E491-45C3-5C8F631A17DE" value="true"/>
</engineerTo>
<newElementsIDs>3A5A2215-7F1A-8723-9C4F-1F75487237ED</newElementsIDs>
<usedAttributes>
<attributeRef>3A5A2215-7F1A-8723-9C4F-1F75487237ED</attributeRef>
</usedAttributes>
</identifier>
</identifiers>
</Entity>
