<?xml version = '1.0' encoding = 'UTF-8'?>
<Entity class="oracle.dbtools.crest.model.design.logical.Entity" directorySegmentName="seg_0" id="7DA01A13-2DFE-51D5-30F4-FBD420E8CA8E" name="Constants">
<createdBy>alumne</createdBy>
<createdTime>2022-05-09 15:29:00 UTC</createdTime>
<ownerDesignName>NuevoModelo</ownerDesignName>
<engineerTo>
<item key="1343D15C-3B40-E491-45C3-5C8F631A17DE" value="true"/>
</engineerTo>
<adequatelyNormalized>NO</adequatelyNormalized>
<expectedVolumes>0</expectedVolumes>
<fwdEngineeringStrategyName>Single Table</fwdEngineeringStrategyName>
<growthPercent>0</growthPercent>
<growthType>Year</growthType>
<maxVolumes>9999999</maxVolumes>
<minVolumes>0</minVolumes>
<normalForm>Third</normalForm>
<attributes itemClass="oracle.dbtools.crest.model.design.logical.Attribute">
<Attribute name="ID Constant" id="C5C9111E-A262-7D14-87E0-438E289824D6">
<createdBy>alumne</createdBy>
<createdTime>2022-05-09 15:29:07 UTC</createdTime>
<ownerDesignName>NuevoModelo</ownerDesignName>
<engineerTo>
<item key="1343D15C-3B40-E491-45C3-5C8F631A17DE" value="true"/>
</engineerTo>
<useDomainConstraints>false</useDomainConstraints>
<use>1</use>
<logicalDatatype>LOGDT011</logicalDatatype>
<ownDataTypeParameters>,,</ownDataTypeParameters>
</Attribute>
<Attribute name="name" id="B9D28B21-CE20-2837-7788-0AF4D9CBF3F4">
<createdBy>alumne</createdBy>
<createdTime>2022-05-09 15:29:12 UTC</createdTime>
<ownerDesignName>NuevoModelo</ownerDesignName>
<engineerTo>
<item key="1343D15C-3B40-E491-45C3-5C8F631A17DE" value="true"/>
</engineerTo>
<useDomainConstraints>false</useDomainConstraints>
<use>1</use>
<logicalDatatype>LOGDT024</logicalDatatype>
<dataTypeSize>100</dataTypeSize>
<ownDataTypeParameters>100,,</ownDataTypeParameters>
</Attribute>
<Attribute name="value" id="C07F5430-25F6-A671-C172-B5433A483E01">
<createdBy>alumne</createdBy>
<createdTime>2022-05-09 15:29:22 UTC</createdTime>
<ownerDesignName>NuevoModelo</ownerDesignName>
<engineerTo>
<item key="1343D15C-3B40-E491-45C3-5C8F631A17DE" value="true"/>
</engineerTo>
<useDomainConstraints>false</useDomainConstraints>
<use>1</use>
<logicalDatatype>LOGDT011</logicalDatatype>
<ownDataTypeParameters>,,</ownDataTypeParameters>
</Attribute>
</attributes>
<identifiers itemClass="oracle.dbtools.crest.model.design.logical.CandidateKey">
<identifier id="28A551B8-8CD0-8ED3-BC4E-CB39B58909E0" name="Constants_PK">
<createdBy>alumne</createdBy>
<createdTime>2022-05-09 15:30:39 UTC</createdTime>
<ownerDesignName>NuevoModelo</ownerDesignName>
<shouldEngineer>false</shouldEngineer>
<engineerTo>
<item key="1343D15C-3B40-E491-45C3-5C8F631A17DE" value="false"/>
</engineerTo>
<pk>true</pk>
<newElementsIDs>C5C9111E-A262-7D14-87E0-438E289824D6</newElementsIDs>
<usedAttributes>
<attributeRef>C5C9111E-A262-7D14-87E0-438E289824D6</attributeRef>
</usedAttributes>
</identifier>
<identifier id="AA380F5D-33BA-1C50-46A2-5606210154D7" name="Constants_ID_Constant_UN">
<createdBy>alumne</createdBy>
<createdTime>2022-05-09 17:58:01 UTC</createdTime>
<ownerDesignName>NuevoModelo</ownerDesignName>
<engineerTo>
<item key="1343D15C-3B40-E491-45C3-5C8F631A17DE" value="true"/>
</engineerTo>
<newElementsIDs>C5C9111E-A262-7D14-87E0-438E289824D6</newElementsIDs>
<usedAttributes>
<attributeRef>C5C9111E-A262-7D14-87E0-438E289824D6</attributeRef>
</usedAttributes>
</identifier>
<identifier id="90BCE3AB-DC63-5B81-E91E-214A05641886" name="Constants_name_UN">
<createdBy>alumne</createdBy>
<createdTime>2022-05-10 19:08:56 UTC</createdTime>
<generatorID>1894E331-D2E6-EE72-3A94-2A213D0A94C4</generatorID>
<ownerDesignName>NuevoModelo</ownerDesignName>
<engineerTo>
<item key="1343D15C-3B40-E491-45C3-5C8F631A17DE" value="true"/>
</engineerTo>
<usedAttributes>
<attributeRef>B9D28B21-CE20-2837-7788-0AF4D9CBF3F4</attributeRef>
</usedAttributes>
</identifier>
</identifiers>
</Entity>
