<?xml version = '1.0' encoding = 'UTF-8'?>
<relationalModel class="oracle.dbtools.crest.model.design.relational.RelationalDesign" name="Relational_1" id="1343D15C-3B40-E491-45C3-5C8F631A17DE" mainViewID="2D94A3A9-303D-710D-5181-9012268FCEFB">
<createdBy>Albert</createdBy>
<createdTime>2022-05-07 10:34:11 UTC</createdTime>
<ownerDesignName>NuevoModelo</ownerDesignName>
<shouldBeOpen>true</shouldBeOpen>
<selectedRDBMSSite>32076570-2523-435C-2E92-BF29817DFF70</selectedRDBMSSite>
</relationalModel>
