<?xml version = '1.0' encoding = 'UTF-8'?>
<FKArc class="oracle.dbtools.crest.model.design.relational.FKArc" directorySegmentName="seg_0" id="72F1422D-04C6-0AEC-1AA0-C500A23A2F04" name="FKArc_1">
<createdBy>fraci</createdBy>
<createdTime>2022-05-05 07:43:16 UTC</createdTime>
<ownerDesignName>data_mod</ownerDesignName>
<mandatory>false</mandatory>
<reverseArc>true</reverseArc>
<table>F60F0AF3-BFC9-BDDD-92FE-155FF225D9B1</table>
<fkeys>
<fkeyID>078D05D0-21C4-1937-B5E1-4298DDF9D9F9</fkeyID>
<fkeyID>EE4B0C65-EEDB-7BF3-6F1D-23E6993DDF84</fkeyID>
<fkeyID>DA51C500-3C61-3340-54E7-90B1FE54CF2E</fkeyID>
<fkeyID>B7B82EF2-3305-2771-FA72-BD9BA3AEF80F</fkeyID>
</fkeys>
</FKArc>
