<?xml version = '1.0' encoding = 'UTF-8'?>
<Table class="oracle.dbtools.crest.model.design.relational.Table" directorySegmentName="seg_0" id="83EE79EC-9D96-74C6-9A62-99EEE77B5FDE" name="USER">
<createdBy>fraci</createdBy>
<createdTime>2022-05-05 07:43:16 UTC</createdTime>
<generatorID>9C748DFB-8E79-252D-16C5-BB953339CC1C</generatorID>
<ownerDesignName>data_mod</ownerDesignName>
<allowColumnReorder>false</allowColumnReorder>
<existDependencyGenerateInDDl>true</existDependencyGenerateInDDl>
<parsed>true</parsed>
<columns itemClass="oracle.dbtools.crest.model.design.relational.Column">
<Column name="ID_User" id="F042C750-FD85-2A10-82BC-B8CDFB92C20B">
<createdBy>fraci</createdBy>
<createdTime>2022-05-05 07:43:16 UTC</createdTime>
<generatorID>552BBED0-B68D-5670-E5C1-0426C71A6E8D</generatorID>
<ownerDesignName>data_mod</ownerDesignName>
<useDomainConstraints>false</useDomainConstraints>
<use>1</use>
<logicalDatatype>LOGDT019</logicalDatatype>
<ownDataTypeParameters>,,</ownDataTypeParameters>
<autoIncrementCycle>false</autoIncrementCycle>
</Column>
<Column name="username" id="5A4826DE-AE00-DC19-4BC4-AE6E57F96970">
<createdBy>fraci</createdBy>
<createdTime>2022-05-05 07:43:16 UTC</createdTime>
<generatorID>131E9A27-A816-B7F5-BEF4-589DC5B36C33</generatorID>
<ownerDesignName>data_mod</ownerDesignName>
<nullsAllowed>true</nullsAllowed>
<useDomainConstraints>false</useDomainConstraints>
<use>1</use>
<logicalDatatype>LOGDT024</logicalDatatype>
<dataTypeSize>30 CHAR</dataTypeSize>
<ownDataTypeParameters>30 CHAR,,</ownDataTypeParameters>
<autoIncrementCycle>false</autoIncrementCycle>
</Column>
<Column name="birth_date" id="651A5A6D-C0EF-C6ED-E38E-41DA90F2553B">
<createdBy>fraci</createdBy>
<createdTime>2022-05-05 07:43:16 UTC</createdTime>
<generatorID>DAA48B86-C020-F61E-3263-430DB29B1DCB</generatorID>
<ownerDesignName>data_mod</ownerDesignName>
<nullsAllowed>true</nullsAllowed>
<useDomainConstraints>false</useDomainConstraints>
<use>1</use>
<logicalDatatype>LOGDT007</logicalDatatype>
<ownDataTypeParameters>,,</ownDataTypeParameters>
<autoIncrementCycle>false</autoIncrementCycle>
</Column>
<Column name="password" id="706CDD6A-1709-2658-26DE-307372CF24DE">
<createdBy>fraci</createdBy>
<createdTime>2022-05-05 07:43:16 UTC</createdTime>
<generatorID>7D761B8D-0D8F-0E89-89A8-20E39B0B541E</generatorID>
<ownerDesignName>data_mod</ownerDesignName>
<nullsAllowed>true</nullsAllowed>
<useDomainConstraints>false</useDomainConstraints>
<use>1</use>
<logicalDatatype>LOGDT024</logicalDatatype>
<ownDataTypeParameters>,,</ownDataTypeParameters>
<autoIncrementCycle>false</autoIncrementCycle>
</Column>
<Column name="BATALLA_ID_Baattle" id="E1BCFB8B-7760-F9C6-2552-C4511BA02AE3">
<createdBy>fraci</createdBy>
<createdTime>2022-05-05 07:43:16 UTC</createdTime>
<generatorID>17FDD5ED-F25B-04B6-F39C-8AF739DA0BA8</generatorID>
<ownerDesignName>data_mod</ownerDesignName>
<useDomainConstraints>false</useDomainConstraints>
<use>1</use>
<logicalDatatype>LOGDT019</logicalDatatype>
<ownDataTypeParameters>,,</ownDataTypeParameters>
<previousColumn>false</previousColumn>
<autoIncrementCycle>false</autoIncrementCycle>
<associations>
<colAssociation fkAssociation="5DDD6C33-49A2-58A5-4B09-6784CF49524D" referredColumn="D3B658F5-79E8-4136-D2C0-4BC9A697E858"/>
</associations>
</Column>
<Column name="BATALLA_ID_User" id="A0D3363B-EFBF-3C38-5D19-74D01DEB6FA2">
<createdBy>fraci</createdBy>
<createdTime>2022-05-05 07:43:16 UTC</createdTime>
<generatorID>21F0B562-1C79-5543-1B47-6B60B2FD8BD7</generatorID>
<ownerDesignName>data_mod</ownerDesignName>
<useDomainConstraints>false</useDomainConstraints>
<use>1</use>
<logicalDatatype>LOGDT019</logicalDatatype>
<ownDataTypeParameters>,,</ownDataTypeParameters>
<previousColumn>false</previousColumn>
<autoIncrementCycle>false</autoIncrementCycle>
<associations>
<colAssociation fkAssociation="5DDD6C33-49A2-58A5-4B09-6784CF49524D" referredColumn="5FAAAD32-DFEE-6368-44FA-46B091527EC0"/>
</associations>
</Column>
</columns>
<indexes itemClass="oracle.dbtools.crest.model.design.relational.Index">
<ind_PK_UK id="10842E27-37B3-E170-1D7A-BB9263D323B0" name="USER_PK">
<createdBy>fraci</createdBy>
<createdTime>2022-05-05 07:43:16 UTC</createdTime>
<generatorID>E9936D47-B975-C4DE-F22A-1B63F63124D2</generatorID>
<ownerDesignName>data_mod</ownerDesignName>
<pk>true</pk>
<indexState>Primary Constraint</indexState>
<isSurrogateKey>false</isSurrogateKey>
<indexColumnUsage>
<colUsage columnID="F042C750-FD85-2A10-82BC-B8CDFB92C20B"/>
</indexColumnUsage>
</ind_PK_UK>
<ind_PK_UK id="5BEF5798-EC7C-0282-9896-B3E8B034B87A" name="USER__IDX">
<createdBy>fraci</createdBy>
<createdTime>2022-05-05 07:43:16 UTC</createdTime>
<ownerDesignName>data_mod</ownerDesignName>
<indexState>Unique Plain Index</indexState>
<isSurrogateKey>false</isSurrogateKey>
<relationGeneratorID>5C4689D3-2B20-AC52-A07F-3BEB9DBDBB37</relationGeneratorID>
<indexColumnUsage>
<colUsage columnID="E1BCFB8B-7760-F9C6-2552-C4511BA02AE3"/>
<colUsage columnID="A0D3363B-EFBF-3C38-5D19-74D01DEB6FA2"/>
</indexColumnUsage>
</ind_PK_UK>
<ind_PK_UK id="8E18CE9E-1F80-405D-4AA6-3DC9B13ECC2C" name="USER_BATALLA_FK">
<createdBy>fraci</createdBy>
<createdTime>2022-05-05 07:43:16 UTC</createdTime>
<generatorID>5C4689D3-2B20-AC52-A07F-3BEB9DBDBB37</generatorID>
<ownerDesignName>data_mod</ownerDesignName>
<indexState>Foreign Key</indexState>
<isSurrogateKey>false</isSurrogateKey>
<indexColumnUsage>
<colUsage columnID="E1BCFB8B-7760-F9C6-2552-C4511BA02AE3"/>
<colUsage columnID="A0D3363B-EFBF-3C38-5D19-74D01DEB6FA2"/>
</indexColumnUsage>
</ind_PK_UK>
</indexes>
</Table>
