<?xml version = '1.0' encoding = 'UTF-8'?>
<FKIndexAssociation class="oracle.dbtools.crest.model.design.relational.FKIndexAssociation" directorySegmentName="seg_0" id="D9694FA6-3CA1-7575-AF4E-A53D91C14AF6" containerWithKeyObject="92303213-FD60-C72B-8147-6AB97049055B" localFKIndex="8B89C88D-C8AE-CE30-F7F7-0512DC68C4FC" name="Battle_Enemy_FK">
<createdBy>Albert</createdBy>
<createdTime>2022-05-07 13:00:45 UTC</createdTime>
<generatorID>76D3E3B5-2172-86E9-6D12-3B8646AAEE17</generatorID>
<ownerDesignName>NuevoModelo_Ampliado</ownerDesignName>
<referredTableLongName>Enemy</referredTableLongName>
<deleteRule>NO ACTION</deleteRule>
<referredTableID>95DCE8C5-4CD7-F105-548D-944F6A6D7C49</referredTableID>
<keyObject>7AD73C00-307D-8456-BAB3-789B184BA16A</keyObject>
<referredKeyID>7AD73C00-307D-8456-BAB3-789B184BA16A</referredKeyID>
<mandatory>true</mandatory>
<refColNames>ID_Enemy</refColNames>
<transferable>true</transferable>
<rely>false</rely>
<columnDependencyConstraintGenerateInDDL>true</columnDependencyConstraintGenerateInDDL>
</FKIndexAssociation>
