<?xml version = '1.0' encoding = 'UTF-8'?>
<Entity class="oracle.dbtools.crest.model.design.logical.Entity" directorySegmentName="seg_0" id="3AEE14A3-69D6-4872-6C67-CC4E6C562C6C" name="Enemy">
<createdBy>Albert</createdBy>
<createdTime>2022-05-07 12:41:18 UTC</createdTime>
<ownerDesignName>NuevoModelo_Ampliado</ownerDesignName>
<engineerTo>
<item key="1343D15C-3B40-E491-45C3-5C8F631A17DE" value="true"/>
</engineerTo>
<adequatelyNormalized>NO</adequatelyNormalized>
<expectedVolumes>0</expectedVolumes>
<fwdEngineeringStrategyName>Single Table</fwdEngineeringStrategyName>
<growthPercent>0</growthPercent>
<growthType>Year</growthType>
<maxVolumes>9999999</maxVolumes>
<minVolumes>0</minVolumes>
<normalForm>Third</normalForm>
<attributes itemClass="oracle.dbtools.crest.model.design.logical.Attribute">
<Attribute name="ID_Enemy" id="CCDA6FDD-ADA3-EB30-A054-D0F8522E44E8">
<createdBy>Albert</createdBy>
<createdTime>2022-05-07 12:41:24 UTC</createdTime>
<ownerDesignName>NuevoModelo_Ampliado</ownerDesignName>
<engineerTo>
<item key="1343D15C-3B40-E491-45C3-5C8F631A17DE" value="true"/>
</engineerTo>
<useDomainConstraints>false</useDomainConstraints>
<use>1</use>
<logicalDatatype>LOGDT011</logicalDatatype>
<ownDataTypeParameters>,,</ownDataTypeParameters>
</Attribute>
</attributes>
<identifiers itemClass="oracle.dbtools.crest.model.design.logical.CandidateKey">
<identifier id="68D614D7-9532-ECE4-D1A3-DFC73EF3FB8B" name="ID_Enemy">
<createdBy>Albert</createdBy>
<createdTime>2022-05-07 12:41:47 UTC</createdTime>
<ownerDesignName>NuevoModelo_Ampliado</ownerDesignName>
<shouldEngineer>false</shouldEngineer>
<engineerTo>
<item key="1343D15C-3B40-E491-45C3-5C8F631A17DE" value="false"/>
</engineerTo>
<pk>true</pk>
<newElementsIDs>CCDA6FDD-ADA3-EB30-A054-D0F8522E44E8</newElementsIDs>
<usedAttributes>
<attributeRef>CCDA6FDD-ADA3-EB30-A054-D0F8522E44E8</attributeRef>
</usedAttributes>
</identifier>
</identifiers>
</Entity>
